{
  "item-states": [
    {
      "folded": false,
      "id": "mount-assets"
    },
    {
      "folded": false,
      "id": "64ff5c1f-d865-4ca4-97b8-e0193b93e54d"
    },
    {
      "folded": true,
      "id": "270c286c-a8c9-4f57-95e9-afd4fde60453"
    },
    {
      "folded": false,
      "id": "7c25cb9e-a673-40d4-bacc-72083764963a"
    },
    {
      "folded": false,
      "id": "0e3d8ba6-eda7-49c0-80b3-701cd844f401"
    },
    {
      "folded": false,
      "id": "720122ec-cc28-4880-822c-c42750196f31"
    },
    {
      "folded": false,
      "id": "5b88e233-fa15-41c5-b962-ea43acf2d945"
    },
    {
      "folded": true,
      "id": "e563b15a-3b7c-49b0-b8c8-63d475e903a0"
    },
    {
      "folded": true,
      "id": "45f27105-a3d6-4efe-ae7e-64dc6fc9ecdd"
    },
    {
      "folded": true,
      "id": "cec90a11-d48d-4067-ad7e-62ae2233330b"
    },
    {
      "folded": true,
      "id": "7f8e159f-2027-44c8-b34e-2e59ed9ab5e6"
    },
    {
      "folded": true,
      "id": "c0bd4035-92d9-48f7-bdcd-7b857fb8c199"
    },
    {
      "folded": false,
      "id": "66b0ec11-59e0-44ec-9a46-4eeb0efcf01a"
    },
    {
      "folded": true,
      "id": "d644f42d-81e2-4ab4-80b0-cd64f9b1492c"
    },
    {
      "folded": true,
      "id": "bdc6325b-d64a-4a02-aa08-adb227044685"
    },
    {
      "folded": true,
      "id": "3145499a-ac45-4a9f-8acb-1b7b4b81515c"
    },
    {
      "folded": true,
      "id": "fbbf72ca-d0b1-41f0-9fd1-060c15934153"
    },
    {
      "folded": true,
      "id": "2b387017-c526-455b-ba0f-7420f2ad7ca6"
    },
    {
      "folded": true,
      "id": "928e7f49-6544-4a96-a87e-286324e0e076"
    },
    {
      "folded": false,
      "id": "8e0f4c65-6338-4791-af3f-48ea6a5d8545"
    },
    {
      "folded": true,
      "id": "13a03533-9925-455f-bf08-9632887abb82"
    },
    {
      "folded": true,
      "id": "df03fcaf-f682-4519-b568-3852b32271f3"
    },
    {
      "folded": false,
      "id": "a579839d-3503-4b54-a6b7-55ea07dc8505"
    },
    {
      "folded": true,
      "id": "b9226b76-7845-4aea-8811-b822cce28837"
    },
    {
      "folded": true,
      "id": "e773cb42-4bb4-4151-b8ae-4663da6a0334"
    },
    {
      "folded": true,
      "id": "e6cda9b2-1d6e-40dc-9f4b-2710c544ddbc"
    },
    {
      "folded": true,
      "id": "8cf55964-846d-4eb3-ac3d-6ab1b678414e"
    },
    {
      "folded": true,
      "id": "85abcce3-ce1d-43ea-8c5c-72bcc5e66bfd"
    },
    {
      "folded": true,
      "id": "255de90a-1f8b-4033-a1e4-96e73963c634"
    },
    {
      "folded": true,
      "id": "9b19e8f4-b5e3-4fdc-9225-0cf4420bee2c"
    },
    {
      "folded": true,
      "id": "ae3e6c89-b750-4866-8e96-c23135efa5ef"
    },
    {
      "folded": true,
      "id": "eab5a8da-8071-4896-904c-91d26b166f3f"
    },
    {
      "folded": true,
      "id": "47ca4f5d-816c-4895-98be-19d1727809d6"
    },
    {
      "folded": true,
      "id": "fdeb1358-c7f0-4d2f-8b85-eb6e455887b1"
    },
    {
      "folded": true,
      "id": "0f4b885f-d34d-4aa0-a9e2-8ddfeca41073"
    },
    {
      "folded": true,
      "id": "7dcb326b-eac5-4a59-ab8c-a5109a69eb16"
    },
    {
      "folded": false,
      "id": "1416786c-82e8-4063-88f4-583e441658c1"
    },
    {
      "folded": true,
      "id": "86f98b50-203d-492e-8d0d-d1017137e8f8"
    },
    {
      "folded": true,
      "id": "9b88af44-9c32-4101-b12c-3948855a0558"
    },
    {
      "folded": true,
      "id": "6ee11687-61d3-459c-b658-533722d650bc"
    },
    {
      "folded": true,
      "id": "c37514df-ac5a-4cd8-acef-c3703151c338"
    },
    {
      "folded": true,
      "id": "44c536fd-acad-4f3f-ac73-713feb84bc46"
    },
    {
      "folded": true,
      "id": "bf789f8c-17aa-4e61-aa41-954cc5ec5c77"
    },
    {
      "folded": true,
      "id": "2f48ca1b-85f1-4833-bb56-ac647f55afba"
    },
    {
      "folded": true,
      "id": "91d772fe-ee71-4356-a1ff-0d8324752a61"
    },
    {
      "folded": true,
      "id": "d86b1083-99bc-4db3-9329-24dd6ff4c364"
    },
    {
      "folded": true,
      "id": "a75f9bcf-a762-4b07-9e5d-9e6c3fb7a340"
    },
    {
      "folded": false,
      "id": "b40b74f8-11d9-4e7a-a79e-15f26561f6e1"
    },
    {
      "folded": true,
      "id": "3354531d-17f2-4bb7-b862-cedf70b8d34c"
    },
    {
      "folded": true,
      "id": "7df6da0a-3735-4e61-9683-a55c1bb258b1"
    },
    {
      "folded": true,
      "id": "d29edc1e-40df-4dd1-8fa3-c0b67790de13"
    },
    {
      "folded": true,
      "id": "ecb7e066-455e-40c9-a729-4a123cbdf663"
    },
    {
      "folded": true,
      "id": "7764933a-21d1-4e88-a59d-1ab6a27e75eb"
    },
    {
      "folded": true,
      "id": "321c2874-2ae9-4cc5-a972-e9828f2bc1fa"
    },
    {
      "folded": true,
      "id": "874f6dcb-b672-4668-94e9-8c52b44d61fa"
    },
    {
      "folded": true,
      "id": "7784eead-5fc3-4103-be8e-62f75326963a"
    },
    {
      "folded": true,
      "id": "a665a8b2-7cf0-4a1d-9bc7-dca6b60ca244"
    },
    {
      "folded": true,
      "id": "9118fbaf-b04e-4bb1-9a68-77e64a8a5424"
    },
    {
      "folded": true,
      "id": "ec8c652f-61f9-4c51-b058-70813a64556a"
    },
    {
      "folded": true,
      "id": "df7c484a-4231-4bf8-902e-12d3cc996212"
    },
    {
      "folded": true,
      "id": "4493cbac-fab9-47bf-a76f-4f7c5214b793"
    },
    {
      "folded": true,
      "id": "0cd078c8-bec0-464c-b593-cc4675c0449b"
    },
    {
      "folded": true,
      "id": "d6a3db9a-f15c-458e-8fe4-4696eb8b950f"
    },
    {
      "folded": true,
      "id": "9115fff0-0ea2-4f11-b0ae-40532d498f93"
    },
    {
      "folded": true,
      "id": "1f14190a-0c0a-4320-bba9-f96bb0d84eaa"
    },
    {
      "folded": false,
      "id": "6bd60d7e-642c-486f-8770-7fdd0ade88ba"
    },
    {
      "folded": true,
      "id": "24f51a6e-f62a-4b71-a9d5-73e96ff0b176"
    },
    {
      "folded": true,
      "id": "1411f6c6-f3ce-43a8-b1ad-71e760cb7d91"
    },
    {
      "folded": true,
      "id": "0a2973d5-d122-4cfb-bf1f-8911c7864ddb"
    },
    {
      "folded": true,
      "id": "eb2fce52-a9b6-4762-b6ff-afb6099633ea"
    },
    {
      "folded": true,
      "id": "3812014d-47e7-476e-a9aa-8ec122190e69"
    },
    {
      "folded": true,
      "id": "1f58e9d8-2bee-4575-a0df-3ae77d236757"
    },
    {
      "folded": true,
      "id": "59dad8bd-5d22-4a73-b113-ebed1a0fe39e"
    },
    {
      "folded": true,
      "id": "007d6e61-db5f-4399-907e-e85fb0dff5b7"
    },
    {
      "folded": true,
      "id": "219640bb-368f-4476-bc8f-b0966ea0d487"
    },
    {
      "folded": true,
      "id": "24473bfb-cdba-4f46-b852-eb1143a2e6f0"
    },
    {
      "folded": true,
      "id": "9adf026b-4980-4f93-9c65-ee9cb8ec3e7c"
    },
    {
      "folded": true,
      "id": "4dff65d4-2cdf-4b8a-95b7-99767e2a5011"
    },
    {
      "folded": true,
      "id": "b1eecafc-3a76-4cf4-b2f8-425e9968f845"
    },
    {
      "folded": true,
      "id": "9f41d7bd-c4d0-448f-ac55-fe7ee9f1f3d9"
    },
    {
      "folded": true,
      "id": "872a307d-7f32-4efb-a580-037f319180b4"
    },
    {
      "folded": true,
      "id": "6d913f58-e4ef-4177-ac2b-fed8662306ec"
    },
    {
      "folded": true,
      "id": "a35d9e49-059e-4585-b6ed-2968a107c738"
    },
    {
      "folded": true,
      "id": "d08f75f5-1c8a-4bdd-b06a-900a7a6ea9e5"
    },
    {
      "folded": true,
      "id": "204976ae-b29b-4f6c-9341-00e6f8215095"
    },
    {
      "folded": true,
      "id": "12f786f2-4188-4a05-81ce-2546c71823b2"
    },
    {
      "folded": true,
      "id": "21725d2b-c01e-47a9-bd4e-1e3bc7184790"
    },
    {
      "folded": true,
      "id": "d2aa8ce2-bc04-4ff8-8bf5-a0ae1c609e37"
    },
    {
      "folded": true,
      "id": "0acad8fc-650b-41dd-89d1-1cf4f5c139c2"
    },
    {
      "folded": true,
      "id": "e4077ecb-5799-4037-9c66-a7ade02c4c34"
    },
    {
      "folded": true,
      "id": "2e947202-8c24-4504-ae77-f6a078a0bbea"
    },
    {
      "folded": true,
      "id": "8ec3d3b2-6399-4c77-abcd-422cbaadc29b"
    },
    {
      "folded": true,
      "id": "3669cf4a-3a25-468a-9291-096fef358cc6"
    },
    {
      "folded": true,
      "id": "e55fc97d-0a8d-4e4e-a790-e20cde1f46f9"
    },
    {
      "folded": true,
      "id": "875c0c95-d221-473a-80a5-515faab53126"
    },
    {
      "folded": true,
      "id": "c2e4640e-7276-420f-a903-954f4bf6fe6f"
    },
    {
      "folded": true,
      "id": "9829afbd-51f4-4df6-8c3c-6438378a617a"
    },
    {
      "folded": true,
      "id": "e92b919a-0504-41d0-9a8b-7db2f2e5657b"
    },
    {
      "folded": true,
      "id": "650b1487-e698-4b22-9a49-8205b30f6528"
    },
    {
      "folded": true,
      "id": "dce26500-084c-43d0-94c9-94fb007ff7e7"
    },
    {
      "folded": true,
      "id": "e6a4e3a2-d257-4d34-9938-4296b0bf07df"
    },
    {
      "folded": true,
      "id": "23bc8e01-dbb2-4aa6-bd5d-e14fd2aff58c"
    },
    {
      "folded": true,
      "id": "f451f571-994d-43c9-879c-49285a1c2a9d"
    },
    {
      "folded": true,
      "id": "261126a9-15ed-47f9-ab19-f786359ff7fa"
    },
    {
      "folded": true,
      "id": "7d4bcc14-1d08-4542-bfc7-d4796edfd2e9"
    },
    {
      "folded": true,
      "id": "c0dff807-4e06-4ffd-92a6-c558290c24a0"
    },
    {
      "folded": true,
      "id": "b5bb8495-41f4-45fe-a5c8-694e23156cd3"
    },
    {
      "folded": true,
      "id": "22524891-0d50-44b6-a111-3606c11de3a2"
    },
    {
      "folded": true,
      "id": "26ee4765-1748-4e35-8ef5-9572ebfb5299"
    },
    {
      "folded": true,
      "id": "d09d84e4-a98c-4ac5-ba37-6e13f9a5d5ab"
    },
    {
      "folded": true,
      "id": "ff5fc24e-3b90-46a4-9d8b-f63516924c57"
    },
    {
      "folded": true,
      "id": "35ac2622-a7d8-4bd2-9b96-4ed6fa79d75d"
    },
    {
      "folded": true,
      "id": "6e0029c0-576c-4bfa-8984-6c349116c6dd"
    },
    {
      "folded": true,
      "id": "30b217bc-087b-4093-8bea-0f1cb182622a"
    },
    {
      "folded": true,
      "id": "44c1188c-e55d-4631-8241-4367d779d53a"
    },
    {
      "folded": true,
      "id": "03148029-88f8-4322-b51e-6b900ccb9eca"
    },
    {
      "folded": true,
      "id": "9520c22c-fee8-42cf-a3fc-d643195491cf"
    },
    {
      "folded": true,
      "id": "bea41536-5d0b-4573-b865-d90466b4c090"
    },
    {
      "folded": true,
      "id": "d52c1be8-60e5-4b8a-bcc2-7cf20347978a"
    },
    {
      "folded": true,
      "id": "0215e232-0de9-4e59-bb6f-ee93a2f89696"
    },
    {
      "folded": true,
      "id": "c0865adb-f11a-4705-bbf7-00ad77bcef68"
    },
    {
      "folded": true,
      "id": "bd6118da-f7fe-4f95-9d6d-1429088a6e4b"
    },
    {
      "folded": true,
      "id": "deffc378-cb62-442e-99a0-141d1f03fe67"
    },
    {
      "folded": true,
      "id": "b1aaca12-d2cb-4fc9-b950-68fe18b61308"
    },
    {
      "folded": false,
      "id": "86ea63ff-ce52-4562-b460-fb0b252fd673"
    },
    {
      "folded": true,
      "id": "4e87c56e-4dd7-41ba-b4b3-c321b9975f2b"
    },
    {
      "folded": true,
      "id": "e73acc50-84db-48c9-9a46-5a4ca2541d5f"
    },
    {
      "folded": true,
      "id": "829d9e3e-3de0-4657-8de7-b7f0fc2fdde3"
    },
    {
      "folded": true,
      "id": "e24e7434-5c80-4ca7-98dd-f4b8135ac39d"
    },
    {
      "folded": true,
      "id": "b56a12a6-f999-4dd5-a3c7-549d44d197b5"
    },
    {
      "folded": true,
      "id": "6afa4dc6-5bf8-4e04-b501-17f1b9b707d4"
    },
    {
      "folded": true,
      "id": "897ee5c0-ab07-447d-9f91-00f7871164e9"
    },
    {
      "folded": true,
      "id": "411ed1da-44e6-49db-a5b0-ef2f95982b52"
    },
    {
      "folded": false,
      "id": "af8ada56-4f98-4661-a99c-7d459bb067dd"
    },
    {
      "folded": true,
      "id": "4d16d194-efaf-401a-b9ce-fe074875309b"
    },
    {
      "folded": true,
      "id": "06cd1b99-924f-4e4c-9b78-eaad79da0978"
    },
    {
      "folded": true,
      "id": "dcc86b00-799a-44f8-8f2a-e1ae927ad669"
    },
    {
      "folded": false,
      "id": "b58774a4-9734-471e-8f83-579242b7fb27"
    },
    {
      "folded": true,
      "id": "d958ec98-5019-4e88-b22a-9a66f2bcfda6"
    },
    {
      "folded": true,
      "id": "a1af57df-0d5a-4796-801d-df3c2a1061b8"
    },
    {
      "folded": true,
      "id": "74c010de-ab38-4b2f-9aa4-d6b221cddc16"
    },
    {
      "folded": true,
      "id": "1df8ed81-504a-4561-9e67-17e8b9e3d7ed"
    },
    {
      "folded": true,
      "id": "114aa96b-f9e0-43eb-b615-ae17bb7f29db"
    },
    {
      "folded": true,
      "id": "d0518ded-1d6a-4bff-bced-cc58396460de"
    },
    {
      "folded": true,
      "id": "3f1ad341-f730-48e4-927a-df7517d020ac"
    },
    {
      "folded": true,
      "id": "9b439ca9-7b29-490c-a86c-ee3b7731393e"
    },
    {
      "folded": true,
      "id": "06fb8de7-1d28-496b-8888-ee3874cbc72f"
    },
    {
      "folded": true,
      "id": "d8eb1853-ca3a-4bb8-ab8b-8aba1b67660e"
    },
    {
      "folded": true,
      "id": "8d1e0b66-523b-4fd8-8263-a8adfaaa1af8"
    },
    {
      "folded": true,
      "id": "f089f586-e317-425f-b89d-ab36d3305a69"
    },
    {
      "folded": true,
      "id": "97af57b8-a821-440b-9200-ff475f400675"
    },
    {
      "folded": true,
      "id": "4250a0f7-1d09-4934-ac8a-15b8fb90f274"
    },
    {
      "folded": true,
      "id": "66926fd0-8bfb-4bba-93b5-31797afe02b3"
    },
    {
      "folded": true,
      "id": "c0b86374-dcd9-42da-9eba-070d1cc785b8"
    },
    {
      "folded": false,
      "id": "c5ce1dec-32bc-412c-9598-445a1d134e5a"
    },
    {
      "folded": true,
      "id": "6a436055-9181-4d1d-a1ee-427a44dd443c"
    },
    {
      "folded": true,
      "id": "e066c738-911c-45bf-ae2c-610dc503c583"
    },
    {
      "folded": true,
      "id": "64e48548-1251-4b6c-bd02-9faf032a1c6a"
    },
    {
      "folded": true,
      "id": "5019f107-bcd7-41f6-bec5-3ec116cf5cf0"
    },
    {
      "folded": true,
      "id": "9d59444d-faeb-48f7-a4b8-332f5e6b6e46"
    },
    {
      "folded": false,
      "id": "6e7b4299-a73d-4bd6-a001-f28d555d8456"
    },
    {
      "folded": true,
      "id": "74f314a3-d320-4f97-867c-1a83292ca7f3"
    },
    {
      "folded": true,
      "id": "cdbc080c-f67f-4d26-909b-836ccc4a5dbc"
    },
    {
      "folded": true,
      "id": "3c9dc1e0-997b-447e-8f28-68ab4ea2b361"
    },
    {
      "folded": true,
      "id": "02c6a91a-f410-40d9-b6bd-7163de8bfeb8"
    },
    {
      "folded": true,
      "id": "70129276-fe4c-4f02-a30b-650c7233ba63"
    },
    {
      "folded": true,
      "id": "becd8835-803c-40ae-bbe0-bb92d0abcdb2"
    },
    {
      "folded": true,
      "id": "772a380b-64cd-4d74-bf15-2209bf4f28f4"
    },
    {
      "folded": true,
      "id": "050f391d-8d91-45a8-9485-60a7fbccc6be"
    },
    {
      "folded": true,
      "id": "f3cc5773-3a06-4b88-b456-ad4c766a2bd8"
    },
    {
      "folded": true,
      "id": "507a1753-60df-4625-8d28-7caf37295754"
    },
    {
      "folded": true,
      "id": "c180e905-fcca-4c1d-baa6-17381047221a"
    },
    {
      "folded": true,
      "id": "4cf17460-56eb-426a-aa4b-38a3071ef4df"
    },
    {
      "folded": true,
      "id": "188663d9-0f25-4265-a009-af85fedce1b2"
    },
    {
      "folded": true,
      "id": "d7d6bd25-b977-43b1-8ee7-bddc456698bc"
    },
    {
      "folded": true,
      "id": "5c291769-40b3-47df-bb1f-8463fccfdc22"
    },
    {
      "folded": true,
      "id": "eef9038b-28c9-4d02-866f-4de4b36e5d7c"
    },
    {
      "folded": true,
      "id": "f596adf6-15d3-4b04-af95-41b99ef9b07c"
    },
    {
      "folded": true,
      "id": "52158562-01a7-4b8f-901b-2f5fa22dd908"
    },
    {
      "folded": true,
      "id": "0622e4f8-ad0c-414a-bbb7-d94b17b695ab"
    },
    {
      "folded": true,
      "id": "8bf80b09-a766-4da0-b112-7e09515d6c39"
    },
    {
      "folded": true,
      "id": "b353f7b0-4832-4ae9-a6f3-5999b5ce7cee"
    },
    {
      "folded": true,
      "id": "40f4ffca-9ad7-48c9-88db-ec5ac7467bec"
    },
    {
      "folded": true,
      "id": "93744c9d-69a5-43ad-a0d1-1a697424182c"
    },
    {
      "folded": true,
      "id": "cc53b1d1-a4b4-478c-a3aa-518bef0a7195"
    },
    {
      "folded": true,
      "id": "c3356590-f831-4257-a4ee-fea0cddedab0"
    },
    {
      "folded": true,
      "id": "90c79f65-db3c-477d-9a32-c4098461cad4"
    },
    {
      "folded": true,
      "id": "5c23cd6b-c674-4a91-8205-410cf6e29a72"
    },
    {
      "folded": true,
      "id": "96bd1aca-8b15-4cc4-9684-aec5164e0f56"
    },
    {
      "folded": true,
      "id": "ef9fb2e0-3c20-4f26-9bd4-686f76076564"
    },
    {
      "folded": true,
      "id": "4002f0df-f9ff-417d-a3dd-47aed7f5129e"
    },
    {
      "folded": true,
      "id": "615e7210-b731-45c9-a2da-b79fa55ae47f"
    },
    {
      "folded": false,
      "id": "9210abec-a41c-4cbc-a52d-60f738302653"
    },
    {
      "folded": true,
      "id": "a7b3c6be-a43f-43cc-a5b5-d278ec3f5ec1"
    },
    {
      "folded": true,
      "id": "e9ef17a7-9547-44c7-b053-a9a85780ead0"
    },
    {
      "folded": false,
      "id": "e711cb38-9106-438f-87e2-733fd34655bd"
    },
    {
      "folded": true,
      "id": "b8e745ab-3863-4bd6-a0ad-c707199386cb"
    },
    {
      "folded": true,
      "id": "f4bf6f14-a250-47f9-89af-94ac55d0f0f4"
    },
    {
      "folded": true,
      "id": "11539d0a-6027-468a-b9c2-6a2d1b42f874"
    },
    {
      "folded": false,
      "id": "39f983e3-ddb4-44f6-beca-5601a7d3d94d"
    },
    {
      "folded": true,
      "id": "2c11475e-c924-48de-8d1b-bd8b81e9f06a"
    },
    {
      "folded": true,
      "id": "0438241a-dadf-45da-b349-fc45bc8445a2"
    },
    {
      "folded": true,
      "id": "267925b0-8154-4742-81e2-76d4ce04acf6"
    },
    {
      "folded": true,
      "id": "be775d6f-2afa-405c-8ac7-49a0bd817949"
    },
    {
      "folded": true,
      "id": "80d15b5d-ef1d-45d3-baf9-9ded38fa32b7"
    },
    {
      "folded": true,
      "id": "438660d0-c6f2-4801-a0d7-b3a30fa27211"
    },
    {
      "folded": true,
      "id": "11554ebb-8164-418a-86b8-e886f9dd47be"
    },
    {
      "folded": true,
      "id": "0a5ac16d-dddc-45e3-9119-e41f16bf54eb"
    },
    {
      "folded": true,
      "id": "0db84b1b-ada0-460e-a01b-6e661cecc9a0"
    },
    {
      "folded": true,
      "id": "73959b2f-143f-45db-9236-b62d04efd184"
    },
    {
      "folded": true,
      "id": "df4749e6-fbd4-4ce5-a208-827a879ef273"
    },
    {
      "folded": true,
      "id": "a27bc635-bb95-42b2-9af0-42924dbd0859"
    },
    {
      "folded": true,
      "id": "4a73b65b-3d5c-4eee-9f62-bf51435b2bb5"
    },
    {
      "folded": false,
      "id": "5119e523-b3d4-433a-a88f-a4b5b7e9633d"
    },
    {
      "folded": true,
      "id": "44c84cd4-dc8e-46c5-aeb2-e745769eea36"
    },
    {
      "folded": true,
      "id": "0416fbb0-0e32-4cb2-a5cc-460c75f7f1f1"
    },
    {
      "folded": true,
      "id": "85bdcc00-a6e1-4db8-b522-f48bf6e18979"
    },
    {
      "folded": true,
      "id": "4e5ca3a8-5177-4cd6-838c-b53167b185b0"
    },
    {
      "folded": false,
      "id": "81b2c791-8380-4fc8-80c8-91c2baba57f7"
    },
    {
      "folded": false,
      "id": "ee98806c-aecb-4c7f-a899-688d09cac169"
    },
    {
      "folded": false,
      "id": "506b8426-1072-4f59-9db2-61fa89b3c6c0"
    },
    {
      "folded": false,
      "id": "df5a7d47-778e-44b1-8958-38debf543a26"
    },
    {
      "folded": false,
      "id": "f6ceaeec-5bbf-4f65-a234-67d99ba655c3"
    },
    {
      "folded": false,
      "id": "cf38bbc1-c6a3-420b-8b93-2e131db8221a"
    },
    {
      "folded": false,
      "id": "d3615c5b-1eaa-4198-be8a-2c34c0a0747d"
    },
    {
      "folded": true,
      "id": "cb7afb95-eeac-4dc7-87f1-e506189990f7"
    },
    {
      "folded": true,
      "id": "9e66af18-d1d3-4331-9da8-dabd9b0df37a"
    },
    {
      "folded": true,
      "id": "f80c872b-0183-466c-9faa-5344b6abdcad"
    },
    {
      "folded": true,
      "id": "57bfa378-20e7-4980-a650-e53f4600801a"
    },
    {
      "folded": true,
      "id": "61a82021-498e-482c-afe2-460c8f27ca1d"
    },
    {
      "folded": true,
      "id": "10fc6353-c0ca-49de-855a-376cc27ef5e7"
    },
    {
      "folded": true,
      "id": "d5cb2c78-bd72-4468-8340-395dec0f658f"
    },
    {
      "folded": true,
      "id": "c2707d99-5674-4656-b990-e5a59a58aeca"
    },
    {
      "folded": true,
      "id": "2998ff7b-aa47-4cf2-a6f0-6191581fab6f"
    },
    {
      "folded": true,
      "id": "ec7ccb97-538b-4a5c-8233-1ff43a112001"
    },
    {
      "folded": true,
      "id": "37fb647f-266b-41d4-a825-221f5f4c23ed"
    },
    {
      "folded": true,
      "id": "96d170ce-b610-4fda-9d93-b248a723702a"
    },
    {
      "folded": true,
      "id": "4c75ba14-5790-4776-b422-e1182db21067"
    },
    {
      "folded": true,
      "id": "f5bc1e96-e084-4cb9-b936-f1b692bedf51"
    },
    {
      "folded": true,
      "id": "f85ea32b-2d6b-496c-bd51-7eb5bd33a52d"
    },
    {
      "folded": true,
      "id": "cb73c5cb-bdfa-458e-a993-29a30df998a6"
    },
    {
      "folded": true,
      "id": "e4f319f2-e268-492a-a75d-e07f75f77a13"
    },
    {
      "folded": true,
      "id": "0701766f-b197-409c-b91e-ae466f4d410d"
    },
    {
      "folded": true,
      "id": "6fbc112c-0ad0-4347-a71e-3b49e59d674f"
    },
    {
      "folded": true,
      "id": "2724e1d8-0010-4dc7-b1cc-075747cf637f"
    },
    {
      "folded": true,
      "id": "31c22367-57ec-409f-ac49-2b7a7b7973ff"
    },
    {
      "folded": true,
      "id": "9fdb53b3-0b52-431e-bf81-6862b8295819"
    },
    {
      "folded": false,
      "id": "42f22a28-f90c-4aab-ac62-41f656401089"
    },
    {
      "folded": true,
      "id": "0176b5f6-fa45-46d8-b263-4b44a28680f6"
    },
    {
      "folded": true,
      "id": "6bf82fae-c2d1-444e-b024-67c5db1e3f61"
    },
    {
      "folded": true,
      "id": "0b6e9f37-53ad-4694-a8c5-e11c2ee11d26"
    },
    {
      "folded": true,
      "id": "adafbdbe-e572-45bf-8ec7-13ace7b187a2"
    },
    {
      "folded": true,
      "id": "a1ade567-1952-4401-8c0f-a76740b19257"
    },
    {
      "folded": true,
      "id": "f9214569-b913-4c6a-89e9-d05647206b70"
    },
    {
      "folded": true,
      "id": "c66f1456-865e-4fa0-bad8-99aa30c2af10"
    },
    {
      "folded": true,
      "id": "227b82d5-8ff6-4539-82bb-64b05ea4c1f1"
    },
    {
      "folded": true,
      "id": "6dffdb87-a834-4fe5-bf33-812d5da77999"
    },
    {
      "folded": true,
      "id": "9dc4ea31-37a7-4d05-ab2d-4cfd41a4b1a5"
    },
    {
      "folded": true,
      "id": "c59ae191-d03f-4d87-b689-4ddbcbde6d65"
    },
    {
      "folded": true,
      "id": "c4d5200d-28f8-45f5-842a-6a4f2951485e"
    },
    {
      "folded": true,
      "id": "ba0f86b9-bc90-4e7c-9d7e-c03a66c62691"
    },
    {
      "folded": true,
      "id": "0684a7e3-4898-4d14-a733-09d30e472024"
    },
    {
      "folded": true,
      "id": "4937ee53-9a3c-405d-b2c9-c504efc9671d"
    },
    {
      "folded": true,
      "id": "9812d570-2990-4c68-aec7-ec9ea65f2074"
    },
    {
      "folded": true,
      "id": "124d3630-3f88-43f9-a04f-8c005142688f"
    },
    {
      "folded": true,
      "id": "96f8c689-eb50-488d-9be6-007e1e39af3c"
    },
    {
      "folded": true,
      "id": "bf8fd510-cf57-4d0e-a27d-4c582fb4460c"
    },
    {
      "folded": true,
      "id": "15840a99-84ef-433a-a08c-1be49f755a99"
    },
    {
      "folded": true,
      "id": "735eb617-74ad-493f-9229-aaa8f6c94b3d"
    },
    {
      "folded": true,
      "id": "3caeba78-3d89-46cc-9a82-ae4242743497"
    },
    {
      "folded": true,
      "id": "868cd46e-558b-4799-9129-c0d8e2032854"
    },
    {
      "folded": true,
      "id": "6ca0c659-6a33-492d-912e-0bd29bd57806"
    },
    {
      "folded": true,
      "id": "33711f72-1a48-41f3-9bc3-2cad20cda4d9"
    },
    {
      "folded": true,
      "id": "37139948-8ee1-4471-9b07-612b3188e006"
    },
    {
      "folded": true,
      "id": "79d0a37a-0a17-4307-94e0-5c551382e4b2"
    },
    {
      "folded": true,
      "id": "c982c2c0-6a3e-4605-af73-00b2fe6f86b0"
    },
    {
      "folded": true,
      "id": "c0515461-1a0a-4ace-a093-7846c67cdac8"
    },
    {
      "folded": true,
      "id": "f61ca09c-dd1f-4706-bde2-f9d9b7d976b2"
    },
    {
      "folded": true,
      "id": "4992f079-1043-4fe6-ad9f-7cb8b84baca9"
    },
    {
      "folded": true,
      "id": "4585a959-fd9a-4816-ac37-5f0b619bba14"
    },
    {
      "folded": true,
      "id": "c457a303-8586-4ba0-94ec-9abe460cec44"
    },
    {
      "folded": true,
      "id": "87a3b928-61ff-4f90-9ea9-947a27903529"
    },
    {
      "folded": true,
      "id": "3ecfc643-828c-46bc-8ea3-462439b26e65"
    },
    {
      "folded": true,
      "id": "26968bf5-9c25-41f8-bb67-bca1bf200547"
    },
    {
      "folded": true,
      "id": "4b1384e9-643d-4576-a3e7-7214c7874866"
    },
    {
      "folded": true,
      "id": "88533e48-9a5b-4b4b-8e31-191d90aabcc2"
    },
    {
      "folded": true,
      "id": "ae77e914-9d7c-4dc2-b8c0-1ba110e8ef4e"
    },
    {
      "folded": true,
      "id": "35de0680-bf48-40d6-a520-ef380c431c0c"
    },
    {
      "folded": true,
      "id": "d9d4500d-f899-42f7-a60d-efd9675fe27b"
    },
    {
      "folded": true,
      "id": "51951607-33d7-440c-a812-905843d60fd2"
    },
    {
      "folded": true,
      "id": "91d9232e-4721-414c-b65a-ed491b787464"
    },
    {
      "folded": true,
      "id": "2d1fac1e-17fd-423e-aae2-9797f2703326"
    },
    {
      "folded": true,
      "id": "7174fe29-23fc-44c3-80ae-6b73e2f073a5"
    },
    {
      "folded": true,
      "id": "a424dfbc-533d-4c31-9b27-d10fb441c36a"
    },
    {
      "folded": true,
      "id": "9d3f832d-a945-47a8-a441-3bdb41d6299a"
    },
    {
      "folded": true,
      "id": "ff3eb427-3cc2-48d7-8324-d8c012052ad8"
    },
    {
      "folded": true,
      "id": "dd21dde3-a735-4dc9-bb68-96428ce4362f"
    },
    {
      "folded": true,
      "id": "70a1d0fc-b097-458f-8cf2-b1fefdd9accd"
    },
    {
      "folded": true,
      "id": "f66b6649-7c42-4345-b44e-7112b80b696c"
    },
    {
      "folded": true,
      "id": "4859761b-d554-4f85-b1a2-ebef25ac8658"
    },
    {
      "folded": true,
      "id": "97f541fc-c91c-4f4f-bc09-d94138602bd2"
    },
    {
      "folded": true,
      "id": "95dd321d-80b5-432d-8ea1-f137b457ad48"
    },
    {
      "folded": true,
      "id": "8bc16531-5963-4d11-b9db-15411561ee89"
    },
    {
      "folded": true,
      "id": "03b86a4e-67a4-4140-9f58-9046d524906d"
    },
    {
      "folded": true,
      "id": "2f17f69f-204f-4f47-ba11-36efca568fc2"
    },
    {
      "folded": true,
      "id": "9be84dd9-f3f6-4421-b6c3-4c4a59960796"
    },
    {
      "folded": true,
      "id": "6279e25c-df2f-4da1-8192-237f68322c6e"
    },
    {
      "folded": true,
      "id": "5495562c-ebca-4949-abfb-8232541349b9"
    },
    {
      "folded": true,
      "id": "d70b49db-ca2b-4940-a499-ad4676d804bc"
    },
    {
      "folded": true,
      "id": "c2d54a70-580c-4f43-9240-b5d5d40d45b0"
    },
    {
      "folded": true,
      "id": "cbfde218-9e37-4eb5-918d-9851b8450950"
    },
    {
      "folded": true,
      "id": "dde0cf9e-3c74-4143-9a63-559b79e666a5"
    },
    {
      "folded": true,
      "id": "d0a24bbd-0109-475e-bd98-cf2da998354e"
    },
    {
      "folded": true,
      "id": "6b3d1b24-8d30-4db6-9579-9de3985aaf61"
    },
    {
      "folded": true,
      "id": "fdad2797-94ca-42b5-811d-6219cdc9352a"
    },
    {
      "folded": true,
      "id": "d52951c8-ee90-4590-a05c-adc52d372a49"
    },
    {
      "folded": true,
      "id": "333fa74c-0ca1-4404-a70f-cde294c3198e"
    },
    {
      "folded": true,
      "id": "ef7832a5-edef-43a1-b954-69362e28459f"
    },
    {
      "folded": true,
      "id": "a8643d20-842d-42fd-8661-4beaccae1e5d"
    },
    {
      "folded": true,
      "id": "f43ddc3a-3fd9-442c-a092-27057ffbc313"
    },
    {
      "folded": true,
      "id": "dce4ee0c-7f14-409a-9e08-96c81d5d4d8b"
    },
    {
      "folded": true,
      "id": "f87ace29-68f4-43c0-9edd-6e7fbf2671fa"
    },
    {
      "folded": true,
      "id": "c5e1a1dc-f2f4-49ce-af6e-cdaeb438f3d4"
    },
    {
      "folded": true,
      "id": "69ae7692-a442-4b1b-83c1-3fbdb6ab9f06"
    },
    {
      "folded": true,
      "id": "eb62854f-5443-4ac1-a9d2-2ca98a1cbc46"
    },
    {
      "folded": true,
      "id": "f7cc39ed-fbf9-4034-a957-a63ac75a46b9"
    },
    {
      "folded": true,
      "id": "5772f006-3fea-4bfb-b222-0b6f64b34aca"
    },
    {
      "folded": true,
      "id": "705ed852-675f-4a68-a7f0-391992f42041"
    },
    {
      "folded": true,
      "id": "ff27cff2-f854-4c81-8124-b7fba0a7432b"
    },
    {
      "folded": true,
      "id": "a334493e-c613-4056-8be4-b00c838e7e71"
    },
    {
      "folded": true,
      "id": "696596fb-a790-4101-9a5a-b3464803e63a"
    },
    {
      "folded": true,
      "id": "1075e5ce-1b7b-4edd-a83c-c939cb017afc"
    },
    {
      "folded": true,
      "id": "e3d811a6-bd70-4def-9a50-5c7fcb0982b1"
    },
    {
      "folded": true,
      "id": "f12e5a22-0a17-4f70-bddf-204284b44765"
    },
    {
      "folded": true,
      "id": "6b3204a7-664a-4c41-8c86-b96b3c9bc396"
    },
    {
      "folded": true,
      "id": "2c0b339a-bae7-4e94-a0fe-02a92dc65bd3"
    },
    {
      "folded": true,
      "id": "20783240-105e-478b-a001-8c3e73bc8704"
    },
    {
      "folded": true,
      "id": "ef83e5d8-1f29-4361-b1fb-d2633f8e1942"
    },
    {
      "folded": true,
      "id": "ea0567dc-ceaf-435e-b62f-a6c826e27573"
    },
    {
      "folded": true,
      "id": "0006eb4d-d5b1-40f8-b681-38bcb8b48555"
    },
    {
      "folded": true,
      "id": "a6382cfb-e206-4bce-ad51-aae8360c18be"
    },
    {
      "folded": true,
      "id": "3aa39652-9a17-4d30-8d1a-c9f51b88a825"
    },
    {
      "folded": true,
      "id": "f30b3018-917c-4ecc-ae78-5f4a18875ac5"
    },
    {
      "folded": true,
      "id": "14b34071-5d13-4e9c-b6cd-2551e61fad69"
    },
    {
      "folded": true,
      "id": "1a6c4e3a-3bc7-4a33-92d0-aab343fcfca5"
    },
    {
      "folded": true,
      "id": "024c30eb-ad52-4314-9e51-2b22319e6872"
    },
    {
      "folded": true,
      "id": "8f3b8e7f-b35a-4003-aa67-62b18e610c56"
    },
    {
      "folded": true,
      "id": "d85cc8c4-b844-4ceb-89c5-2dd07f096db8"
    },
    {
      "folded": true,
      "id": "da07d10d-9e5e-47d7-9eff-bf5b8407fb1e"
    },
    {
      "folded": true,
      "id": "ec3de4b4-dab0-4780-b13e-865a5db491cb"
    },
    {
      "folded": true,
      "id": "0f6c30c6-9029-4e4e-988e-5ee343ceb26b"
    },
    {
      "folded": true,
      "id": "b7e8929c-b2ad-4407-8654-b7f264dbf91a"
    },
    {
      "folded": true,
      "id": "9607a59f-307e-4304-aeaf-83ece92d4830"
    },
    {
      "folded": true,
      "id": "ae1f3723-d07d-4780-851a-dc264827224a"
    },
    {
      "folded": true,
      "id": "6a87e5ae-b2d2-4992-8b22-d4229e327ff3"
    },
    {
      "folded": true,
      "id": "901acc96-f4fe-46c4-9aa7-a05380586ea7"
    },
    {
      "folded": true,
      "id": "b9d02faf-dde7-4d76-87cf-3b1f6fd180e1"
    },
    {
      "folded": true,
      "id": "b98a9d61-76db-4e2c-8ab2-4bf6c642f84d"
    },
    {
      "folded": true,
      "id": "94d4548d-da9a-4417-8d01-c8ee6c4694ba"
    },
    {
      "folded": true,
      "id": "c41b4838-f460-40d0-a076-614d51a39898"
    },
    {
      "folded": true,
      "id": "91b9c8fb-86ec-4d8b-8218-221c003e91eb"
    },
    {
      "folded": true,
      "id": "dc4bd282-1657-4dd0-b26a-8c641ca20d77"
    },
    {
      "folded": true,
      "id": "9628aa8a-2ba2-426a-8412-81e298f4d143"
    },
    {
      "folded": true,
      "id": "3ee83332-4381-4f4e-8911-940f4c7844e8"
    },
    {
      "folded": true,
      "id": "58c83cb0-7a67-42cd-a12b-cf73b8d58a3a"
    },
    {
      "folded": true,
      "id": "c4e27d37-ad47-4d01-90fb-8f49ac8be2d6"
    },
    {
      "folded": true,
      "id": "2a692934-1466-421f-b205-0e214f081dc4"
    },
    {
      "folded": false,
      "id": "bfd50248-0e35-4ebf-92d0-2fbbaa956512"
    },
    {
      "folded": true,
      "id": "7372fb92-7163-4f1d-84b9-10875c0dda40"
    },
    {
      "folded": true,
      "id": "b9376907-ab36-4ed3-85ba-4edabc037613"
    },
    {
      "folded": true,
      "id": "388e366d-ee8d-4b05-8123-67a38d549b6f"
    },
    {
      "folded": true,
      "id": "f7cda345-abb6-4aa8-8dc4-4118878de9ad"
    },
    {
      "folded": true,
      "id": "46e7d4ae-c425-4d1e-8167-405e8217dd86"
    },
    {
      "folded": true,
      "id": "c62cc91c-b2f1-42ee-9dcb-e85641a6e665"
    },
    {
      "folded": true,
      "id": "b1c75fc7-4a64-4587-94e7-a205b16a885a"
    },
    {
      "folded": true,
      "id": "248e0ad2-013a-4836-ba81-e767e9aa5b3e"
    },
    {
      "folded": true,
      "id": "eb1ed79f-25f7-43a8-a7fb-f4cffbdec9b1"
    },
    {
      "folded": true,
      "id": "d276994d-cc1c-4756-b3e1-f093d6da13bf"
    },
    {
      "folded": true,
      "id": "5e0d5268-faa6-47b2-bf85-e9699d9181c2"
    },
    {
      "folded": true,
      "id": "7099b824-123b-447c-a1e1-b1045f2730bd"
    },
    {
      "folded": true,
      "id": "3111478d-bf44-45c8-98e9-568c0dcb487e"
    },
    {
      "folded": true,
      "id": "3b6a112b-0c4e-4be0-81a6-69a588d6a93a"
    },
    {
      "folded": true,
      "id": "f93b318d-fc15-48cd-a904-678ce013b2aa"
    },
    {
      "folded": true,
      "id": "725b5a1b-9527-4acd-a009-e525c809f858"
    },
    {
      "folded": true,
      "id": "98f5da59-d6cc-4931-9baa-0d3b3c1a37fb"
    },
    {
      "folded": true,
      "id": "778dca05-f4f9-46d5-887b-53a50caac3b1"
    },
    {
      "folded": true,
      "id": "930a6c82-c2d7-4744-b3e2-d64410db4fd9"
    },
    {
      "folded": true,
      "id": "23452125-b750-47c2-a1fb-c976afacc4c7"
    },
    {
      "folded": true,
      "id": "24d6c25c-f730-443e-936a-899932ac985c"
    },
    {
      "folded": true,
      "id": "6664307d-d87c-43db-847f-b405a8410c78"
    },
    {
      "folded": true,
      "id": "d7f75a0b-3b48-42a2-9a8f-e0ec57a51b25"
    },
    {
      "folded": true,
      "id": "dc44120e-80d7-40b2-a5e9-1b3466c4008c"
    },
    {
      "folded": true,
      "id": "300c775c-e186-42b7-83ae-f1ea63df32cd"
    },
    {
      "folded": true,
      "id": "9d8deaac-abd1-4879-ac4f-6b1b82ed981c"
    },
    {
      "folded": true,
      "id": "3013e705-b04b-4a0a-87a2-a7315679c372"
    },
    {
      "folded": true,
      "id": "e76b49a4-cf1a-421a-85c5-e7cbd78d94b8"
    },
    {
      "folded": true,
      "id": "1a8997d0-0ab3-42f7-aa5f-2f4a9821eb8e"
    },
    {
      "folded": true,
      "id": "2001c6d0-f46d-4c2c-add6-02672721ed65"
    },
    {
      "folded": true,
      "id": "c8971125-23ba-4b1e-a6a4-646e26c55ce8"
    },
    {
      "folded": true,
      "id": "4ea58b77-8b3a-49f1-a7e3-bd7e9df45315"
    },
    {
      "folded": true,
      "id": "c286e6dc-4beb-4f5b-bd34-5676da645414"
    },
    {
      "folded": true,
      "id": "67b8ef54-8393-4ddc-9dc4-8815600a9604"
    },
    {
      "folded": true,
      "id": "77e6d9ab-897f-4421-b0fe-f122297a523c"
    },
    {
      "folded": true,
      "id": "7ead0a2e-b82e-4f53-b42e-79e46b269492"
    },
    {
      "folded": true,
      "id": "0803186e-8a66-423f-b222-b23e433a31ab"
    },
    {
      "folded": true,
      "id": "aeaecc7e-6167-4749-8e9d-a2a616fa4d8d"
    },
    {
      "folded": true,
      "id": "52f78f8a-853c-419b-93a4-8c37820a008a"
    },
    {
      "folded": true,
      "id": "f8c5cc24-ffe9-4b26-9cc5-e7051a05b4f7"
    }
  ]
}