{
  "item-states": [
    {
      "folded": true,
      "id": "c8c61DYvzxLaoryKcoXxja6"
    },
    {
      "folded": true,
      "id": "25287WkB/lIH5Cp2EgeRIvt"
    },
    {
      "folded": true,
      "id": "66e96l9vndFeZMdkiLBlMAn"
    },
    {
      "folded": true,
      "id": "cc6daZAeCtOsoEG5Y9AuWs+"
    },
    {
      "folded": true,
      "id": "94015maDrhPjaEAE12F8/jY"
    },
    {
      "folded": true,
      "id": "ffbb4wXKIVMY6Q9997mZKJf"
    },
    {
      "folded": true,
      "id": "54b19Hz98lHjJK4hbs56mxR"
    },
    {
      "folded": true,
      "id": "8e782i6iwBEh4NCn0G/G9qM"
    },
    {
      "folded": true,
      "id": "c8755/U15RJg46TkSfJHZ7c"
    },
    {
      "folded": true,
      "id": "be34e5Qd9RLyIVyI4cFNUx/"
    },
    {
      "folded": true,
      "id": "f308bd9UIBJjIThxpcShHVI"
    },
    {
      "folded": true,
      "id": "9b788ZB0ulMjY8Uj9Mr5ZVm"
    },
    {
      "folded": true,
      "id": "f3e61ROT4pCo4W9zv1IAebH"
    },
    {
      "folded": true,
      "id": "94479chvLpHaJpgxIvmBs6n"
    },
    {
      "folded": true,
      "id": "fe260vRWsZBs5M3kwW+YSBE"
    },
    {
      "folded": true,
      "id": "1a86biv/vJHbJiOSBsQZdIL"
    },
    {
      "folded": true,
      "id": "db996gECTNBnL0DAIZ1gzx3"
    },
    {
      "folded": true,
      "id": "7b9559gfbhCK7NfsysapHFY"
    },
    {
      "folded": true,
      "id": "0fe52LK9jJLr6R3hxapKSgC"
    },
    {
      "folded": true,
      "id": "14ca5UvSrhN2KCN3BYUd2sB"
    },
    {
      "folded": true,
      "id": "7b17bLubBhPn7RpTOCT/IY5"
    },
    {
      "folded": true,
      "id": "bf936k2QApDA7uY8mFKD/Qv"
    },
    {
      "folded": true,
      "id": "452af795wBA6bLDx3MqIODc"
    },
    {
      "folded": true,
      "id": "85c1f8BQo1CyKrK64fVcYAJ"
    },
    {
      "folded": true,
      "id": "8e498C0ydZDVIcus7mujZYq"
    },
    {
      "folded": true,
      "id": "60eaab8hotMP7dtQnQfph/l"
    },
    {
      "folded": true,
      "id": "78e1fB14lxH67xRnyrqWiQK"
    },
    {
      "folded": true,
      "id": "d506aTqfJNHloCn295wKUY3"
    },
    {
      "folded": true,
      "id": "13021KzjBxBEZPTWnHMzaGZ"
    },
    {
      "folded": true,
      "id": "6d8c4Fovq1EXK+luiTIaD2e"
    },
    {
      "folded": true,
      "id": "a90b7QTQZNP0IJMvsTVTJWs"
    },
    {
      "folded": true,
      "id": "2d386W06kdK+ZZ9O0WRKVTh"
    },
    {
      "folded": true,
      "id": "f77d3tuToZHhL56BW9DV+tY"
    },
    {
      "folded": true,
      "id": "bd2c4HGBs5ACoU/m0UF8elJ"
    },
    {
      "folded": true,
      "id": "29b89i2QANDia3p8B/4fe/Y"
    },
    {
      "folded": true,
      "id": "a300dxYFR9OtrbTgCy1PNdk"
    },
    {
      "folded": true,
      "id": "7aa51aoSsVG2aEHs/XTJiEJ"
    },
    {
      "folded": true,
      "id": "d9380AnXqxH7afu1dOkC/sU"
    },
    {
      "folded": true,
      "id": "79597dV9zFERaPY55h8pVZS"
    },
    {
      "folded": true,
      "id": "96cf6FoWBVKUrYFDaCN4MWW"
    },
    {
      "folded": true,
      "id": "6553aWl1hNDUYAdeiCPXb7P"
    },
    {
      "folded": true,
      "id": "6f22ctLjuVFQqW4Xb1jDrL+"
    },
    {
      "folded": true,
      "id": "52e9a7iv8RPOY55Aogj73Et"
    },
    {
      "folded": true,
      "id": "34bc7K9A6JNq7QaszPjebQS"
    },
    {
      "folded": true,
      "id": "e18bfbxsqdDMLzo1TcwlvdS"
    },
    {
      "folded": true,
      "id": "4e6ebOHptFPWa3uIWJRHw79"
    },
    {
      "folded": true,
      "id": "44e0cPUkbBEyI71qqecNJ6A"
    },
    {
      "folded": true,
      "id": "af932vDFwJHGaFb8RrYsA8a"
    },
    {
      "folded": true,
      "id": "c04c7QFd6ZNFbgNgBIAhHY3"
    },
    {
      "folded": true,
      "id": "c30bf26vJVFCpiuVbYMekx0"
    },
    {
      "folded": true,
      "id": "938038G+TBAObTSEviXofk4"
    },
    {
      "folded": true,
      "id": "0773eTu97NKSoeDIHOwlDuQ"
    },
    {
      "folded": true,
      "id": "6dac21V+npIyKDCdV1TtNqJ"
    },
    {
      "folded": true,
      "id": "f49c2LOxI1OHIi5rXHA2EPj"
    },
    {
      "folded": true,
      "id": "bea10uzBRxDSYZSDcWSAbvW"
    },
    {
      "folded": true,
      "id": "8d6fawuwzZJhKdizeHc8wAa"
    },
    {
      "folded": true,
      "id": "2beddvv+pNBOrzL17oLr+gR"
    },
    {
      "folded": true,
      "id": "a6f65vQV/BDsaCmdiQZlKwe"
    },
    {
      "folded": true,
      "id": "f4409CiX/9IGLKuy+p+005R"
    },
    {
      "folded": true,
      "id": "33246+MVp9CrIiMfBOCsdqD"
    },
    {
      "folded": true,
      "id": "5a30arryyZG54d8SVjMm3tq"
    },
    {
      "folded": true,
      "id": "bae42qPJuZErLwGX7oVbM+z"
    },
    {
      "folded": true,
      "id": "3d98dMufTxIQLabNsLEOL9H"
    },
    {
      "folded": true,
      "id": "31b8fYuj/5MUab8J8Yx52CK"
    },
    {
      "folded": true,
      "id": "36d846KcHVOVLbenPRNuaOs"
    },
    {
      "folded": true,
      "id": "3651cKZ21VJ1ZifW+dsa6CD"
    },
    {
      "folded": true,
      "id": "e49b2FXg3pERJNkWas4CZVH"
    },
    {
      "folded": true,
      "id": "32f76MI9UpOSZX4RKsee7z4"
    },
    {
      "folded": true,
      "id": "b1c3c3tK0xOFYVXGWXZaHTL"
    },
    {
      "folded": true,
      "id": "e87c7ilddJCnZotT53bEUvv"
    },
    {
      "folded": true,
      "id": "187d6tZmRhIKYQJFFawdGWP"
    },
    {
      "folded": true,
      "id": "39829hgxNJOAqNeXApMgV0k"
    },
    {
      "folded": true,
      "id": "def39SQZL1KN4dWIBn6fkGN"
    },
    {
      "folded": true,
      "id": "9d713iAx39NmoM4qP3h1S9j"
    },
    {
      "folded": true,
      "id": "7176fgSzrBM2aYHuZKORMfM"
    },
    {
      "folded": true,
      "id": "78ae1U/S4dIqo3WHLXFxBbH"
    },
    {
      "folded": true,
      "id": "1eb55Vw3RpIG7F1t2IGaytL"
    },
    {
      "folded": true,
      "id": "ff5d6LT0oVLgpA7VS8FpkG5"
    },
    {
      "folded": true,
      "id": "9e9ec5qZcJNEIMaQfYlUowE"
    },
    {
      "folded": true,
      "id": "3598dYb9ZhC/5SgMkpOhuaW"
    },
    {
      "folded": true,
      "id": "d84f4Q6CxdG6ZBbW4Zs8ark"
    },
    {
      "folded": true,
      "id": "2a9d3iivqJLApOncYNIQPJf"
    },
    {
      "folded": true,
      "id": "f1616YptABCo6yHsW1LWamf"
    },
    {
      "folded": true,
      "id": "ec9dc7ky0VGc5c/2melE31U"
    },
    {
      "folded": true,
      "id": "52d15b0MYtOz76EVWLCXdzP"
    },
    {
      "folded": true,
      "id": "f45bdjXUYZFlZKXDsVPVQO2"
    },
    {
      "folded": true,
      "id": "67c21l1OgdFM7EuSt3wGsOC"
    },
    {
      "folded": true,
      "id": "81b97o6tKBPD5tOoi//1diL"
    },
    {
      "folded": true,
      "id": "5bac6Men6dJKY/yDGw6lgBX"
    },
    {
      "folded": true,
      "id": "926e5UD0lVBNYAhRwVPcKOE"
    },
    {
      "folded": true,
      "id": "8d320l2cZVGj7PPQR57MSx0"
    },
    {
      "folded": true,
      "id": "9e4b0QeGWZNVLqnN1Ma044J"
    },
    {
      "folded": true,
      "id": "56091xSHylId4XIvA99slEb"
    },
    {
      "folded": true,
      "id": "0673fEXpyxGWaStUdc3uArG"
    },
    {
      "folded": true,
      "id": "a8a14LllohJxKIcNZEANCIc"
    },
    {
      "folded": false,
      "id": "450271uAo5JC5aqAbuW4+B/"
    },
    {
      "folded": true,
      "id": "f279dOfonNP9Ih4YiFzO1Ld"
    },
    {
      "folded": true,
      "id": "daa22e+rilNM6GMqtimo1tX"
    },
    {
      "folded": true,
      "id": "72cf8707VdCqbMw9VgAuG0r"
    },
    {
      "folded": true,
      "id": "ba195D1nAhF16Ht384f6MbV"
    },
    {
      "folded": true,
      "id": "8c447jMUrNNBqQppm/e1FP6"
    },
    {
      "folded": true,
      "id": "366benu9alCz5VsHDCwq6ya"
    },
    {
      "folded": true,
      "id": "fbccfMuUHVOqbwOm5XbbwXf"
    },
    {
      "folded": true,
      "id": "1396b6zMa1Ek7ldZSySMGGk"
    },
    {
      "folded": true,
      "id": "5db96Zh/JdKp7Dj/fWkN2UC"
    },
    {
      "folded": true,
      "id": "b60bbG2zXhE+JgXajgYFqOZ"
    },
    {
      "folded": true,
      "id": "9a5c0kZ8/ZBerkXkM9WemY0"
    },
    {
      "folded": true,
      "id": "ca110mP+QZGubwXTcpuaGBh"
    },
    {
      "folded": true,
      "id": "d2064xpZL1Hj7YpOpLobWyH"
    },
    {
      "folded": true,
      "id": "5dae0b+qvxHcbG8rfE2ZEnp"
    },
    {
      "folded": true,
      "id": "6ff96bIrJlLEYZXHYZph5RI"
    },
    {
      "folded": true,
      "id": "35ced4Lk5ZG2a0+wIMYJ9Yy"
    },
    {
      "folded": true,
      "id": "625ec5JWgdLMosrWISxxPR/"
    },
    {
      "folded": true,
      "id": "6016cTp/wZO0rgEV0ruJklZ"
    },
    {
      "folded": true,
      "id": "1008ejipWRITqHMqL0yJxes"
    },
    {
      "folded": true,
      "id": "8a056vVDe9CVb3Y5d2qSZ88"
    },
    {
      "folded": true,
      "id": "f9af0TZmXpE6ZSux5M46/T2"
    },
    {
      "folded": true,
      "id": "41478+KAZxLioECf80nKTri"
    },
    {
      "folded": true,
      "id": "a3b0a1bZadDUbK3xiPoE1+X"
    },
    {
      "folded": true,
      "id": "f1085BSXMlFHa7llnpj9/GD"
    },
    {
      "folded": true,
      "id": "b6f8eYMbQlHWrnnUZUXaA/Q"
    },
    {
      "folded": true,
      "id": "84f75dm6bBA+KYnP6guIJkQ"
    },
    {
      "folded": true,
      "id": "24c10fMrFhEr68iwTvKzGOI"
    },
    {
      "folded": true,
      "id": "9dc37+1vYBFyp/g7UCcHKJX"
    },
    {
      "folded": true,
      "id": "1a77972gANPbbtGIM8kDNTq"
    },
    {
      "folded": true,
      "id": "ac22bm8q9JKjaMzsdYPFYh0"
    },
    {
      "folded": true,
      "id": "3ceabkd37xErKyjB390RLfv"
    },
    {
      "folded": false,
      "id": "8720eyY6TdOa7AO41F9TQFZ"
    },
    {
      "folded": true,
      "id": "8d567fxlv1BBr4LiEX6hWzD"
    },
    {
      "folded": true,
      "id": "64ebay5Fh9FRb1v3MUnHGsV"
    },
    {
      "folded": true,
      "id": "4863aGE589Bk6lM9KnVO2eR"
    },
    {
      "folded": true,
      "id": "d26c6xx3BpNELNfp5GWiQsR"
    },
    {
      "folded": true,
      "id": "0de37ED/QNDoJkNnIQkumrT"
    },
    {
      "folded": true,
      "id": "a5c88VRFslPH77dv6EdLOne"
    },
    {
      "folded": true,
      "id": "260edoZ1RZCQ6gZAw/MCZjV"
    },
    {
      "folded": true,
      "id": "8a259Hvlb5NdIdyCD9bAX0d"
    },
    {
      "folded": true,
      "id": "90958OuT2dGOI2Neb523JI1"
    },
    {
      "folded": true,
      "id": "671e1lzDSlEWpJ26dcgtVKx"
    },
    {
      "folded": true,
      "id": "e03d7eho7hK+oG2S5p8z8w3"
    },
    {
      "folded": true,
      "id": "3406dKKPZFHR5twMdC1gQzM"
    },
    {
      "folded": true,
      "id": "45475GUaDVCeozQl/czIQzf"
    },
    {
      "folded": true,
      "id": "c93e4p60wRKp6u+d/8yVAtb"
    },
    {
      "folded": true,
      "id": "efa81DRGBFIao4iLG4csWPZ"
    },
    {
      "folded": true,
      "id": "c63d5TPX19PrrzWrDMf5lDE"
    },
    {
      "folded": true,
      "id": "4a9005AL+FNGbdGCkM+SDNL"
    },
    {
      "folded": false,
      "id": "3a5d4pL2idEuImVi9ehQFn8"
    },
    {
      "folded": false,
      "id": "1f7c69jkilDUbH4koeihZT4"
    },
    {
      "folded": false,
      "id": "b155ed682JDsIbW7I2+aaKG"
    },
    {
      "folded": false,
      "id": "b736aGi8xtCHrNykAgVi+Gk"
    },
    {
      "folded": false,
      "id": "e04344Nd2ZNsJ59yT0XoPAT"
    },
    {
      "folded": false,
      "id": "71071zLahRBLK/ZfqZVWZg0"
    }
  ]
}