{
  "version": "1.1.1",
  "windows": {
    "main": {
      "main": true,
      "url": "app://editor/index.html",
      "windowType": "dockable",
      "x": 29,
      "y": 32,
      "width": 1891,
      "height": 889,
      "layout": {
        "children": [
          {
            "children": [
              {
                "active": 0,
                "children": [
                  "hierarchy"
                ],
                "height": 436,
                "type": "panel",
                "width": 387
              },
              {
                "active": 0,
                "children": [
                  "assets"
                ],
                "height": 359,
                "type": "panel",
                "width": 387
              }
            ],
            "height": 798,
            "type": "dock-v",
            "width": 387
          },
          {
            "children": [
              {
                "children": [
                  {
                    "active": 0,
                    "children": [
                      "scene"
                    ],
                    "height": 569,
                    "type": "panel",
                    "width": 807.984375
                  },
                  {
                    "active": 0,
                    "children": [
                      "node-library"
                    ],
                    "height": 569,
                    "type": "panel",
                    "width": 204
                  }
                ],
                "height": 569,
                "type": "dock-h",
                "width": 1014.984375
              },
              {
                "active": 0,
                "children": [
                  "console",
                  "timeline"
                ],
                "height": 226,
                "type": "panel",
                "width": 1014.984375
              }
            ],
            "height": 798,
            "type": "dock-v",
            "width": 1014.984375
          },
          {
            "active": 0,
            "children": [
              "inspector"
            ],
            "height": 798,
            "type": "panel",
            "width": 477
          }
        ],
        "type": "dock-h"
      },
      "panels": [
        "console",
        "inspector",
        "hierarchy",
        "assets",
        "scene",
        "node-library",
        "timeline"
      ]
    },
    "worker": {
      "main": false,
      "url": "unpack://static/general-worker.html",
      "windowType": "dockable",
      "x": 760,
      "y": 378,
      "width": 400,
      "height": 300,
      "layout": null,
      "panels": []
    }
  },
  "panels": {
    "package-manager": {
      "x": 710,
      "y": 115,
      "width": 504,
      "height": 822
    },
    "code-editor": {
      "x": 2343,
      "y": 239,
      "width": 800,
      "height": 622
    },
    "preferences": {
      "x": 680,
      "y": 267,
      "width": 564,
      "height": 548
    },
    "project-settings": {
      "x": 680,
      "y": 265,
      "width": 564,
      "height": 548
    },
    "sprite-editor": {
      "x": 710,
      "y": 265,
      "width": 500,
      "height": 522
    }
  }
}