{
  "f8e6b000-5643-4b86-9080-aa680ce1f599": {
    "asset": 1481517712000,
    "meta": 1484200284000,
    "relativePath": "image"
  },
  "71561142-4c83-4933-afca-cb7a17f67053": {
    "asset": 1481517712000,
    "meta": 1484200284000,
    "relativePath": "image/default_btn_disabled.png"
  },
  "e851e89b-faa2-4484-bea6-5c01dd9f06e2": {
    "asset": 1481517712000,
    "meta": 1484200284000,
    "relativePath": "image/default_btn_normal.png"
  },
  "b43ff3c2-02bb-4874-81f7-f2dea6970f18": {
    "asset": 1481517712000,
    "meta": 1484200284000,
    "relativePath": "image/default_btn_pressed.png"
  },
  "d81ec8ad-247c-4e62-aa3c-d35c4193c7af": {
    "asset": 1481517712000,
    "meta": 1484200284000,
    "relativePath": "image/default_panel.png"
  },
  "99170b0b-d210-46f1-b213-7d9e3f23098a": {
    "asset": 1481517712000,
    "meta": 1484200284000,
    "relativePath": "image/default_progressbar_bg.png"
  },
  "cfef78f1-c8df-49b7-8ed0-4c953ace2621": {
    "asset": 1481517712000,
    "meta": 1484200284000,
    "relativePath": "image/default_progressbar.png"
  },
  "567dcd80-8bf4-4535-8a5a-313f1caf078a": {
    "asset": 1481517712000,
    "meta": 1484200284000,
    "relativePath": "image/default_radio_button_off.png"
  },
  "9d60001f-b5f4-4726-a629-2659e3ded0b8": {
    "asset": 1481517712000,
    "meta": 1484200284000,
    "relativePath": "image/default_radio_button_on.png"
  },
  "4bab67cb-18e6-4099-b840-355f0473f890": {
    "asset": 1481517712000,
    "meta": 1484200284000,
    "relativePath": "image/default_scrollbar_bg.png"
  },
  "617323dd-11f4-4dd3-8eec-0caf6b3b45b9": {
    "asset": 1481517712000,
    "meta": 1484200284000,
    "relativePath": "image/default_scrollbar_vertical_bg.png"
  },
  "d6d3ca85-4681-47c1-b5dd-d036a9d39ea2": {
    "asset": 1481517712000,
    "meta": 1484200284000,
    "relativePath": "image/default_scrollbar_vertical.png"
  },
  "0291c134-b3da-4098-b7b5-e397edbe947f": {
    "asset": 1481517712000,
    "meta": 1484200284000,
    "relativePath": "image/default_scrollbar.png"
  },
  "6e056173-d285-473c-b206-40a7fff5386e": {
    "asset": 1481517712000,
    "meta": 1484200284000,
    "relativePath": "image/default_sprite.png"
  },
  "0275e94c-56a7-410f-bd1a-fc7483f7d14a": {
    "asset": 1481517712000,
    "meta": 1484200284000,
    "relativePath": "image/default_sprite_splash.png"
  },
  "73a0903d-d80e-4e3c-aa67-f999543c08f5": {
    "asset": 1481517712000,
    "meta": 1484200284000,
    "relativePath": "image/default_toggle_checkmark.png"
  },
  "c25b9d50-c8fc-4d27-beeb-6e7c1f2e5c0f": {
    "asset": 1481517712000,
    "meta": 1484200284000,
    "relativePath": "image/default_toggle_disabled.png"
  },
  "d29077ba-1627-4a72-9579-7b56a235340c": {
    "asset": 1481517712000,
    "meta": 1484200284000,
    "relativePath": "image/default_toggle_normal.png"
  },
  "fc09f9bd-2cce-4605-b630-8145ef809ed6": {
    "asset": 1481517712000,
    "meta": 1484200284000,
    "relativePath": "misc"
  },
  "2be36297-9abb-4fee-8049-9ed5e271da8a": {
    "asset": 1481517712000,
    "meta": 1481517712000,
    "relativePath": "misc/default_video.mp4"
  },
  "f6e6dd15-71d1-4ffe-ace7-24fd39942c05": {
    "asset": 1481517712000,
    "meta": 1484200284000,
    "relativePath": "obsolete"
  },
  "b8223619-7e38-47c4-841f-9160c232495a": {
    "asset": 1481517712000,
    "meta": 1481517712000,
    "relativePath": "obsolete/atom.plist"
  },
  "f743d2b6-b7ea-4c14-a55b-547ed4d0a045": {
    "asset": 1481517712000,
    "meta": 1484200284000,
    "relativePath": "particle"
  },
  "b181c1e4-0a72-4a91-bfb0-ae6f36ca60bd": {
    "asset": 1481517712000,
    "meta": 1484200284000,
    "relativePath": "image/default_toggle_pressed.png"
  },
  "b2687ac4-099e-403c-a192-ff477686f4f5": {
    "asset": 1481517712000,
    "meta": 1481517712000,
    "relativePath": "particle/atom.plist"
  },
  "ae6c6c98-11e4-452f-8758-75f5c6a56e83": {
    "asset": 1481517712000,
    "meta": 1484200284000,
    "relativePath": "prefab"
  },
  "972b9a4d-47ee-4c74-b5c3-61d8a69bc29f": {
    "asset": 1481517712000,
    "meta": 1484200284000,
    "relativePath": "prefab/button.prefab"
  },
  "2c937608-2562-40ea-b264-7395df6f0cea": {
    "asset": 1481517712000,
    "meta": 1484200284000,
    "relativePath": "prefab/canvas.prefab"
  },
  "61aeb05b-3b32-452b-8eed-2b76deeed554": {
    "asset": 1481517712000,
    "meta": 1484200284000,
    "relativePath": "prefab/editbox.prefab"
  },
  "27756ebb-3d33-44b0-9b96-e858fadd4dd4": {
    "asset": 1481517712000,
    "meta": 1484200284000,
    "relativePath": "prefab/label.prefab"
  },
  "785a442c-3ceb-45be-a46e-7317f625f3b9": {
    "asset": 1481517712000,
    "meta": 1484200284000,
    "relativePath": "prefab/layout.prefab"
  },
  "ca8401fe-ad6e-41a8-bd46-8e3e4e9945be": {
    "asset": 1481517712000,
    "meta": 1484200284000,
    "relativePath": "prefab/pageview.prefab"
  },
  "cd33edea-55f5-46c2-958d-357a01384a36": {
    "asset": 1481517712000,
    "meta": 1484200284000,
    "relativePath": "prefab/particlesystem.prefab"
  },
  "5965ffac-69da-4b55-bcde-9225d0613c28": {
    "asset": 1481517712000,
    "meta": 1484200284000,
    "relativePath": "prefab/progressBar.prefab"
  },
  "4a37dd57-78cd-4cec-aad4-f11a73d12b63": {
    "asset": 1481517712000,
    "meta": 1484200284000,
    "relativePath": "prefab/richtext.prefab"
  },
  "32044bd2-481f-4cf1-a656-e2b2fb1594eb": {
    "asset": 1481517712000,
    "meta": 1484200284000,
    "relativePath": "prefab/scrollview.prefab"
  },
  "0004d1cf-a0ad-47d8-ab17-34d3db9d35a3": {
    "asset": 1481517712000,
    "meta": 1484200284000,
    "relativePath": "prefab/slider.prefab"
  },
  "1f55e3be-b89b-4b79-88de-47fd31018044": {
    "asset": 1481517712000,
    "meta": 1484200284000,
    "relativePath": "prefab/sprite_splash.prefab"
  },
  "96083d03-c332-4a3f-9386-d03e2d19e8ee": {
    "asset": 1481517712000,
    "meta": 1484200284000,
    "relativePath": "prefab/sprite.prefab"
  },
  "7de03a80-4457-438d-95a7-3e7cdffd6086": {
    "asset": 1481517712000,
    "meta": 1484200284000,
    "relativePath": "prefab/tiledmap.prefab"
  },
  "0d784963-d024-4ea6-a7db-03be0ad63010": {
    "asset": 1481517712000,
    "meta": 1484200284000,
    "relativePath": "prefab/toggle.prefab"
  },
  "bf0a434c-84dd-4a8e-a08a-7a36f180cc75": {
    "asset": 1481517712000,
    "meta": 1484200284000,
    "relativePath": "prefab/toggleGroup.prefab"
  },
  "232d2782-c4bd-4bb4-9e01-909f03d6d3b9": {
    "asset": 1481517712000,
    "meta": 1484200284000,
    "relativePath": "prefab/videoplayer.prefab"
  },
  "8c5001fd-07ee-4a4b-a8a0-63e15195e94d": {
    "asset": 1481517712000,
    "meta": 1484200284000,
    "relativePath": "prefab/webview.prefab"
  },
  "270c286c-a8c9-4f57-95e9-afd4fde60453": {
    "asset": 1482244227000,
    "meta": 1484200284000,
    "relativePath": "audio"
  },
  "8ae32630-0f7b-4c16-8efc-af4ae8891e1c": {
    "asset": 1482162467000,
    "meta": 1482162467000,
    "relativePath": "audio/complete.mp3"
  },
  "db16d1fb-0364-41de-ac94-c53f93be0c1a": {
    "asset": 1482162467000,
    "meta": 1482162467000,
    "relativePath": "audio/end.mp3"
  },
  "f456c875-b48a-4a7e-b636-672679ab02ae": {
    "asset": 1482162646000,
    "meta": 1482162646000,
    "relativePath": "audio/failed.mp3"
  },
  "8682214b-251d-4585-948c-159992130fd3": {
    "asset": 1482162628000,
    "meta": 1482162628000,
    "relativePath": "audio/gaming.mp3"
  },
  "e563b15a-3b7c-49b0-b8c8-63d475e903a0": {
    "asset": 1482162524000,
    "meta": 1484200284000,
    "relativePath": "audio/man"
  },
  "71b43c17-5b4b-4dec-8c49-068d53b19980": {
    "asset": 1482162524000,
    "meta": 1482162524000,
    "relativePath": "audio/man/0-0.mp3"
  },
  "695f943a-efcf-43bb-b267-5dc0f97fb7bf": {
    "asset": 1482162524000,
    "meta": 1482162524000,
    "relativePath": "audio/man/0-1.mp3"
  },
  "83f74b02-2356-413b-87e9-176f6704e18d": {
    "asset": 1482162524000,
    "meta": 1482162524000,
    "relativePath": "audio/man/1.mp3"
  },
  "ab22da63-b771-42d3-9405-1965a69269df": {
    "asset": 1482162524000,
    "meta": 1482162524000,
    "relativePath": "audio/man/10-0.mp3"
  },
  "d50f1226-8d4e-4a4c-9e6d-fdfdb781fc49": {
    "asset": 1482162524000,
    "meta": 1482162524000,
    "relativePath": "audio/man/10-1.mp3"
  },
  "d462a004-d7cc-45bb-bf60-616f79cf75d0": {
    "asset": 1482162524000,
    "meta": 1482162524000,
    "relativePath": "audio/man/11.mp3"
  },
  "b8221f80-c456-415f-a47e-7ac4a274534f": {
    "asset": 1482162524000,
    "meta": 1482162524000,
    "relativePath": "audio/man/12.mp3"
  },
  "67067023-4647-4fab-8d43-cdd090e42b5a": {
    "asset": 1482162524000,
    "meta": 1482162524000,
    "relativePath": "audio/man/13.mp3"
  },
  "d36998b3-b694-4602-b62d-397dbed480d5": {
    "asset": 1482162524000,
    "meta": 1482162524000,
    "relativePath": "audio/man/14.mp3"
  },
  "bbc795e5-332f-4233-949b-c2c983277ccb": {
    "asset": 1482162524000,
    "meta": 1482162524000,
    "relativePath": "audio/man/15.mp3"
  },
  "262669d2-332e-4ae5-80d3-8a195cb662df": {
    "asset": 1482162524000,
    "meta": 1482162524000,
    "relativePath": "audio/man/16.mp3"
  },
  "4cf1e152-e3b7-4a16-a8ae-50a378cd0cb0": {
    "asset": 1482162524000,
    "meta": 1482162524000,
    "relativePath": "audio/man/17.mp3"
  },
  "9857822e-956f-4530-8302-503cb7d2e749": {
    "asset": 1482162524000,
    "meta": 1482162524000,
    "relativePath": "audio/man/18-0.mp3"
  },
  "70b77c5f-f69e-4e30-ae75-6aea125309a4": {
    "asset": 1482162524000,
    "meta": 1482162524000,
    "relativePath": "audio/man/18-1.mp3"
  },
  "ee7a6b49-b633-4a00-a134-b0279956894e": {
    "asset": 1482162524000,
    "meta": 1482162524000,
    "relativePath": "audio/man/18-2.mp3"
  },
  "6c1dd416-8f98-4b99-8f72-7b9020eb37a6": {
    "asset": 1482162524000,
    "meta": 1482162524000,
    "relativePath": "audio/man/19.mp3"
  },
  "82482236-3cfa-468d-860c-4d66da88389a": {
    "asset": 1482162524000,
    "meta": 1482162524000,
    "relativePath": "audio/man/2.mp3"
  },
  "eab7e787-1147-401d-9e59-192141cfe64a": {
    "asset": 1482162524000,
    "meta": 1482162524000,
    "relativePath": "audio/man/20.mp3"
  },
  "ddffaf24-dfdf-40b6-a565-73a297d58bd1": {
    "asset": 1482162524000,
    "meta": 1482162524000,
    "relativePath": "audio/man/21.mp3"
  },
  "0f844c53-58d7-47b8-b729-83f23af5577c": {
    "asset": 1482162524000,
    "meta": 1482162524000,
    "relativePath": "audio/man/22-0.mp3"
  },
  "87ca76e4-18b8-4c65-980d-976e97be6573": {
    "asset": 1482162524000,
    "meta": 1482162524000,
    "relativePath": "audio/man/22-1.mp3"
  },
  "d60972b4-65c1-43bb-a70d-84afd0989e84": {
    "asset": 1482162524000,
    "meta": 1482162524000,
    "relativePath": "audio/man/22-2.mp3"
  },
  "4218b6a5-90b8-4a42-939d-7b3a3dd471a6": {
    "asset": 1482162524000,
    "meta": 1482162524000,
    "relativePath": "audio/man/23.mp3"
  },
  "4754e7e9-9691-41c3-b432-bc159970cbeb": {
    "asset": 1482162524000,
    "meta": 1482162524000,
    "relativePath": "audio/man/24.mp3"
  },
  "4342ee66-f108-4509-bd43-e8ef9c8b4f88": {
    "asset": 1482162524000,
    "meta": 1482162524000,
    "relativePath": "audio/man/25-0.mp3"
  },
  "8999ce08-31a9-4b0d-94d8-4c7bfa85d27a": {
    "asset": 1482162524000,
    "meta": 1482162524000,
    "relativePath": "audio/man/25-1.mp3"
  },
  "b4010896-ef7e-4eab-a6fc-973849e9109d": {
    "asset": 1482162524000,
    "meta": 1482162524000,
    "relativePath": "audio/man/26-0.mp3"
  },
  "1a7593db-db0f-41cc-89a8-b97daa54afa7": {
    "asset": 1482162524000,
    "meta": 1482162524000,
    "relativePath": "audio/man/26-1.mp3"
  },
  "63533f5b-765b-4e90-bc09-d5d37609ce10": {
    "asset": 1482162524000,
    "meta": 1482162524000,
    "relativePath": "audio/man/3.mp3"
  },
  "c8843aef-da5e-4052-8521-f9d16770f7bb": {
    "asset": 1482162524000,
    "meta": 1482162524000,
    "relativePath": "audio/man/4.mp3"
  },
  "12c72135-79e4-4bda-a152-26f9b9b32fa9": {
    "asset": 1482162524000,
    "meta": 1482162524000,
    "relativePath": "audio/man/5.mp3"
  },
  "e1090444-d3ff-47cc-9b3f-a7c110ea7c58": {
    "asset": 1482162524000,
    "meta": 1482162524000,
    "relativePath": "audio/man/6.mp3"
  },
  "be4051b7-8e6f-491c-a593-db8c5ae8040b": {
    "asset": 1482162524000,
    "meta": 1482162524000,
    "relativePath": "audio/man/7.mp3"
  },
  "a832073a-91a9-4af2-bfa5-905ce63bbb96": {
    "asset": 1482162524000,
    "meta": 1482162524000,
    "relativePath": "audio/man/8.mp3"
  },
  "e6330292-5bad-4aeb-914b-2c4f1235b1aa": {
    "asset": 1482162524000,
    "meta": 1482162524000,
    "relativePath": "audio/man/9-0.mp3"
  },
  "a5c33554-d102-4e0c-b523-afa5d25d58df": {
    "asset": 1482162524000,
    "meta": 1482162524000,
    "relativePath": "audio/man/9-1.mp3"
  },
  "7f636d9f-5db9-4cf8-bb8e-9d45dd8d6a3e": {
    "asset": 1482162524000,
    "meta": 1482162524000,
    "relativePath": "audio/man/9-2.mp3"
  },
  "5b83b48d-29c6-4739-8b67-39f1ef7577ec": {
    "asset": 1482162524000,
    "meta": 1482162524000,
    "relativePath": "audio/man/angang-0.mp3"
  },
  "7a4db126-51c2-43c1-84b0-c4c18c18336a": {
    "asset": 1482162524000,
    "meta": 1482162524000,
    "relativePath": "audio/man/angang-1.mp3"
  },
  "08544d40-bdb8-45f2-bb75-03367d1e7c37": {
    "asset": 1482162524000,
    "meta": 1482162524000,
    "relativePath": "audio/man/gang-0.mp3"
  },
  "11909cb8-3b93-47d9-a410-9444a957b2e9": {
    "asset": 1482162524000,
    "meta": 1482162524000,
    "relativePath": "audio/man/gang-1.mp3"
  },
  "7f3ef9bc-763f-4bfa-b02b-58f08dc5fad1": {
    "asset": 1482162524000,
    "meta": 1482162524000,
    "relativePath": "audio/man/gang-2.mp3"
  },
  "d032a830-b181-49a2-9f5a-e7c3f68293d8": {
    "asset": 1482162524000,
    "meta": 1482162524000,
    "relativePath": "audio/man/hu.mp3"
  },
  "98313861-5653-40da-b253-4802cb5d7905": {
    "asset": 1482162524000,
    "meta": 1482162524000,
    "relativePath": "audio/man/hu1.mp3"
  },
  "426643e1-0d69-4c5c-87e5-b7f5b5941ac7": {
    "asset": 1482162524000,
    "meta": 1482162524000,
    "relativePath": "audio/man/hu2.mp3"
  },
  "555935e2-b2e6-477f-b357-61fbfb92cd21": {
    "asset": 1482162524000,
    "meta": 1482162524000,
    "relativePath": "audio/man/peng0.mp3"
  },
  "38fc0ad3-5ab7-4cf2-b09c-0a0a82475a9e": {
    "asset": 1482162524000,
    "meta": 1482162524000,
    "relativePath": "audio/man/peng1.mp3"
  },
  "36c74ff3-34bd-4b7f-b4f1-f8a4b57ca5cd": {
    "asset": 1482162524000,
    "meta": 1482162524000,
    "relativePath": "audio/man/peng2.mp3"
  },
  "3639881b-a2a3-44b7-99e3-b274c7efd3d0": {
    "asset": 1482162524000,
    "meta": 1482162524000,
    "relativePath": "audio/man/peng3.mp3"
  },
  "76b847c6-db2b-4c99-86ea-124ee9cb7e75": {
    "asset": 1482162524000,
    "meta": 1482162524000,
    "relativePath": "audio/man/peng4.mp3"
  },
  "0440be88-357e-4642-beff-b4d03475a426": {
    "asset": 1482162483000,
    "meta": 1482162483000,
    "relativePath": "audio/OUT_CARD.mp3"
  },
  "78240f1b-5afc-444a-832a-a70d2a571560": {
    "asset": 1482244227000,
    "meta": 1482244227000,
    "relativePath": "audio/playing.mp3"
  },
  "54c065db-8113-4f60-bd1d-101a7873a5c4": {
    "asset": 1482244227000,
    "meta": 1482244227000,
    "relativePath": "audio/playingInGame.mp3"
  },
  "b325b75b-1c85-4156-885e-33e7583c2074": {
    "asset": 1482162483000,
    "meta": 1482162483000,
    "relativePath": "audio/SEND_CARD.mp3"
  },
  "2bf5b00f-36f5-4208-8537-48aebdaf2f03": {
    "asset": 1482162636000,
    "meta": 1482162636000,
    "relativePath": "audio/through.mp3"
  },
  "c0bd4035-92d9-48f7-bdcd-7b857fb8c199": {
    "asset": 1482162538000,
    "meta": 1484200285000,
    "relativePath": "audio/women"
  },
  "38c33cef-7629-473a-9211-5f3da36affe9": {
    "asset": 1482162538000,
    "meta": 1482162538000,
    "relativePath": "audio/women/0-0.mp3"
  },
  "b72b82eb-9acc-43af-af88-5bb57b081dca": {
    "asset": 1482162538000,
    "meta": 1482162538000,
    "relativePath": "audio/women/0-1.mp3"
  },
  "b0ca1cf0-82c1-46dd-9e59-a455d5a1e210": {
    "asset": 1482162538000,
    "meta": 1482162538000,
    "relativePath": "audio/women/1.mp3"
  },
  "24b610ff-5a67-442e-a8c0-1962e10f5933": {
    "asset": 1482162538000,
    "meta": 1482162538000,
    "relativePath": "audio/women/10-0.mp3"
  },
  "c0dc9687-4e69-492d-8e29-1574dedb7c75": {
    "asset": 1482162538000,
    "meta": 1482162538000,
    "relativePath": "audio/women/10-1.mp3"
  },
  "ef424b1f-de4d-4d6b-8733-a8a6f421b066": {
    "asset": 1482162538000,
    "meta": 1482162538000,
    "relativePath": "audio/women/11.mp3"
  },
  "54735fb9-9d81-4816-bdf7-9b1ad3c29071": {
    "asset": 1482162538000,
    "meta": 1482162538000,
    "relativePath": "audio/women/12.mp3"
  },
  "8423bee8-8d4f-4f80-af9e-c0b262c4fd1e": {
    "asset": 1482162538000,
    "meta": 1482162538000,
    "relativePath": "audio/women/13.mp3"
  },
  "fd83ea0d-4bcc-48da-b0dc-2aa363b26b58": {
    "asset": 1482162538000,
    "meta": 1482162538000,
    "relativePath": "audio/women/14.mp3"
  },
  "60582bb3-a3cd-463c-9dfa-2279cbbee0b0": {
    "asset": 1482162538000,
    "meta": 1482162538000,
    "relativePath": "audio/women/15.mp3"
  },
  "31ea0bd8-fabb-4557-a135-c978286b141c": {
    "asset": 1482162538000,
    "meta": 1482162538000,
    "relativePath": "audio/women/16.mp3"
  },
  "1c0a1463-951c-4e25-a3c6-10186e16da7b": {
    "asset": 1482162538000,
    "meta": 1482162538000,
    "relativePath": "audio/women/17.mp3"
  },
  "dd20cf93-370c-4951-bed4-bc395cf5bd2a": {
    "asset": 1482162538000,
    "meta": 1482162538000,
    "relativePath": "audio/women/18-0.mp3"
  },
  "5e93acf6-32d4-430c-aedb-a160feded6fc": {
    "asset": 1482162538000,
    "meta": 1482162538000,
    "relativePath": "audio/women/18-1.mp3"
  },
  "542bd91b-29f2-4d01-8e77-431553072ba9": {
    "asset": 1482162538000,
    "meta": 1482162538000,
    "relativePath": "audio/women/18-2.mp3"
  },
  "cf021e3b-6878-4fab-948a-208b4cae8036": {
    "asset": 1482162538000,
    "meta": 1482162538000,
    "relativePath": "audio/women/19.mp3"
  },
  "d1fa96ac-bcf0-4d96-ab12-4f8d98481d92": {
    "asset": 1482162538000,
    "meta": 1482162538000,
    "relativePath": "audio/women/2.mp3"
  },
  "10aa2050-9a16-4fc1-b7dc-7060e5899c13": {
    "asset": 1482162538000,
    "meta": 1482162538000,
    "relativePath": "audio/women/20.mp3"
  },
  "77166e85-ca7b-4f59-9fbe-79c55de15e73": {
    "asset": 1482162538000,
    "meta": 1482162538000,
    "relativePath": "audio/women/21.mp3"
  },
  "bd4aa26b-524d-4b95-bb98-fa1b22ba7af4": {
    "asset": 1482162538000,
    "meta": 1482162538000,
    "relativePath": "audio/women/22-0.mp3"
  },
  "34e1f6a0-947d-416e-8181-5c63630690f7": {
    "asset": 1482162538000,
    "meta": 1482162538000,
    "relativePath": "audio/women/22-1.mp3"
  },
  "37240722-5359-4fa8-85d1-5a1711130a48": {
    "asset": 1482162538000,
    "meta": 1482162538000,
    "relativePath": "audio/women/22-2.mp3"
  },
  "775f2659-7095-4fe1-b19c-7afd4ed2f137": {
    "asset": 1482162538000,
    "meta": 1482162538000,
    "relativePath": "audio/women/23.mp3"
  },
  "23966445-d670-4dcb-b8b7-45f416a22c9e": {
    "asset": 1482162538000,
    "meta": 1482162538000,
    "relativePath": "audio/women/24.mp3"
  },
  "82615d2c-79bf-4386-93cf-04324d67a4c7": {
    "asset": 1482162538000,
    "meta": 1482162538000,
    "relativePath": "audio/women/25-0.mp3"
  },
  "08cbd674-b288-47aa-aa90-7d869d5526c8": {
    "asset": 1482162538000,
    "meta": 1482162538000,
    "relativePath": "audio/women/25-1.mp3"
  },
  "003d0672-7c65-43ca-9865-a7ebbdec04f8": {
    "asset": 1482162538000,
    "meta": 1482162538000,
    "relativePath": "audio/women/26-0.mp3"
  },
  "3c0335b7-acc6-4003-bab0-7aff795d3d80": {
    "asset": 1482162538000,
    "meta": 1482162538000,
    "relativePath": "audio/women/26-1.mp3"
  },
  "0fb6bd77-15da-4fbf-a60c-d1ae2a4b7aaf": {
    "asset": 1482162538000,
    "meta": 1482162538000,
    "relativePath": "audio/women/3.mp3"
  },
  "16314f40-0e22-4ae9-a451-55d10dc5b0d6": {
    "asset": 1482162538000,
    "meta": 1482162538000,
    "relativePath": "audio/women/4.mp3"
  },
  "f6e4bd85-c10d-4ab9-b043-22854f1969f4": {
    "asset": 1482162538000,
    "meta": 1482162538000,
    "relativePath": "audio/women/5.mp3"
  },
  "e78290be-ac7e-4a43-a7d8-b45ea5291400": {
    "asset": 1482162538000,
    "meta": 1482162538000,
    "relativePath": "audio/women/6.mp3"
  },
  "cfd6671c-a5e9-4133-a913-ab39958f0fa1": {
    "asset": 1482162538000,
    "meta": 1482162538000,
    "relativePath": "audio/women/7.mp3"
  },
  "80aa0534-eb0c-46ef-978d-a029c81e1c11": {
    "asset": 1482162538000,
    "meta": 1482162538000,
    "relativePath": "audio/women/8.mp3"
  },
  "58242c43-2139-40e0-b174-e05c000a70b4": {
    "asset": 1482162538000,
    "meta": 1482162538000,
    "relativePath": "audio/women/9-0.mp3"
  },
  "45eb1606-a49e-46c2-8226-15a93147bfbf": {
    "asset": 1482162538000,
    "meta": 1482162538000,
    "relativePath": "audio/women/9-1.mp3"
  },
  "a308de3b-dc82-406b-a448-a67b94137ce2": {
    "asset": 1482162538000,
    "meta": 1482162538000,
    "relativePath": "audio/women/9-2.mp3"
  },
  "117f8c34-6776-4308-a363-8586e1741d11": {
    "asset": 1482162538000,
    "meta": 1482162538000,
    "relativePath": "audio/women/angang-0.mp3"
  },
  "3762341f-8e04-4abb-a2e4-9bc697cd6729": {
    "asset": 1482162538000,
    "meta": 1482162538000,
    "relativePath": "audio/women/angang-1.mp3"
  },
  "f8c57ff7-1081-458f-9d83-7d757ac4fd01": {
    "asset": 1482162538000,
    "meta": 1482162538000,
    "relativePath": "audio/women/gang-0.mp3"
  },
  "b8db9786-3170-4048-aea5-fa716248fd50": {
    "asset": 1482162538000,
    "meta": 1482162538000,
    "relativePath": "audio/women/gang-1.mp3"
  },
  "4ddba273-c7eb-4d06-934d-37fb22bcc040": {
    "asset": 1482162538000,
    "meta": 1482162538000,
    "relativePath": "audio/women/gang-2.mp3"
  },
  "9e6ff003-47b8-4f61-99e6-e8b0d517cb12": {
    "asset": 1482162538000,
    "meta": 1482162538000,
    "relativePath": "audio/women/hu.mp3"
  },
  "e1f828a9-1d4c-4a53-94d3-896923d8d935": {
    "asset": 1482162538000,
    "meta": 1482162538000,
    "relativePath": "audio/women/hu1.mp3"
  },
  "2ae7daa3-8c53-4c53-9234-f1daf5f47fc4": {
    "asset": 1482162538000,
    "meta": 1482162538000,
    "relativePath": "audio/women/hu2.mp3"
  },
  "e7a2cd01-dfb2-47c8-9df0-ce75924cdc4c": {
    "asset": 1482162538000,
    "meta": 1482162538000,
    "relativePath": "audio/women/peng0.mp3"
  },
  "4b1387e2-b866-48ac-95ef-28edd3a3f68e": {
    "asset": 1482162538000,
    "meta": 1482162538000,
    "relativePath": "audio/women/peng1.mp3"
  },
  "a99b46ba-aebd-433e-8b37-ff2fe9be6c1a": {
    "asset": 1482162538000,
    "meta": 1482162538000,
    "relativePath": "audio/women/peng2.mp3"
  },
  "60331317-2671-4668-82f8-fed07d68a898": {
    "asset": 1482162538000,
    "meta": 1482162538000,
    "relativePath": "audio/women/peng3.mp3"
  },
  "1c302528-1fe7-4519-825d-29c92bdf1e84": {
    "asset": 1482162538000,
    "meta": 1482162538000,
    "relativePath": "audio/women/peng4.mp3"
  },
  "8db8ef17-886d-45a8-83fb-3f63bf873835": {
    "asset": 1482854749000,
    "meta": 1484200285000,
    "relativePath": "font"
  },
  "0e3d8ba6-eda7-49c0-80b3-701cd844f401": {
    "asset": 1486452568000,
    "meta": 1486655912000,
    "relativePath": "prefab"
  },
  "d5ab33a1-b0e1-4ea6-ad7c-7c7978faa6a5": {
    "asset": 1488443165000,
    "meta": 1488443165000,
    "relativePath": "index.fire"
  },
  "5b88e233-fa15-41c5-b962-ea43acf2d945": {
    "asset": 1484834833000,
    "meta": 1484888589000,
    "relativePath": "resources"
  },
  "64ff5c1f-d865-4ca4-97b8-e0193b93e54d": {
    "asset": 1482927123000,
    "meta": 1484200285000,
    "relativePath": "image"
  },
  "cec90a11-d48d-4067-ad7e-62ae2233330b": {
    "asset": 1483447424000,
    "meta": 1484200285000,
    "relativePath": "image/back"
  },
  "eb2fce52-a9b6-4762-b6ff-afb6099633ea": {
    "asset": 1482834585000,
    "meta": 1484200285000,
    "relativePath": "image/back/black.png"
  },
  "86f98b50-203d-492e-8d0d-d1017137e8f8": {
    "asset": 1482934966000,
    "meta": 1484200285000,
    "relativePath": "image/back/13.png"
  },
  "3812014d-47e7-476e-a9aa-8ec122190e69": {
    "asset": 1482927273000,
    "meta": 1484200285000,
    "relativePath": "image/gameAlertPanel"
  },
  "df4749e6-fbd4-4ce5-a208-827a879ef273": {
    "asset": 1482927273000,
    "meta": 1484200285000,
    "relativePath": "image/gameAlertPanel/1.png"
  },
  "46e7d4ae-c425-4d1e-8167-405e8217dd86": {
    "asset": 1483447424000,
    "meta": 1484200285000,
    "relativePath": "image/back/loading2-150x150.png"
  },
  "a27bc635-bb95-42b2-9af0-42924dbd0859": {
    "asset": 1482927273000,
    "meta": 1484200285000,
    "relativePath": "image/gameAlertPanel/5.png"
  },
  "b9226b76-7845-4aea-8811-b822cce28837": {
    "asset": 1482924015000,
    "meta": 1484200285000,
    "relativePath": "image/gameconfig"
  },
  "4a73b65b-3d5c-4eee-9f62-bf51435b2bb5": {
    "asset": 1482927273000,
    "meta": 1484200285000,
    "relativePath": "image/gameAlertPanel/6.png"
  },
  "c0b86374-dcd9-42da-9eba-070d1cc785b8": {
    "asset": 1482924015000,
    "meta": 1484200285000,
    "relativePath": "image/gameconfig/1.png"
  },
  "507a1753-60df-4625-8d28-7caf37295754": {
    "asset": 1482924015000,
    "meta": 1484200285000,
    "relativePath": "image/gameconfig/10.png"
  },
  "4cf17460-56eb-426a-aa4b-38a3071ef4df": {
    "asset": 1482924015000,
    "meta": 1484200285000,
    "relativePath": "image/gameconfig/11.png"
  },
  "5019f107-bcd7-41f6-bec5-3ec116cf5cf0": {
    "asset": 1482924015000,
    "meta": 1484200285000,
    "relativePath": "image/gameconfig/3.png"
  },
  "64e48548-1251-4b6c-bd02-9faf032a1c6a": {
    "asset": 1482924015000,
    "meta": 1484200285000,
    "relativePath": "image/gameconfig/2.png"
  },
  "9d59444d-faeb-48f7-a4b8-332f5e6b6e46": {
    "asset": 1482924015000,
    "meta": 1484200285000,
    "relativePath": "image/gameconfig/4.png"
  },
  "74f314a3-d320-4f97-867c-1a83292ca7f3": {
    "asset": 1482924015000,
    "meta": 1484200285000,
    "relativePath": "image/gameconfig/5.png"
  },
  "70129276-fe4c-4f02-a30b-650c7233ba63": {
    "asset": 1482924015000,
    "meta": 1484200285000,
    "relativePath": "image/gameconfig/7.png"
  },
  "3c9dc1e0-997b-447e-8f28-68ab4ea2b361": {
    "asset": 1482924015000,
    "meta": 1484200285000,
    "relativePath": "image/gameconfig/6.png"
  },
  "4250a0f7-1d09-4934-ac8a-15b8fb90f274": {
    "asset": 1482924015000,
    "meta": 1484200285000,
    "relativePath": "image/gameconfig/9.png"
  },
  "772a380b-64cd-4d74-bf15-2209bf4f28f4": {
    "asset": 1482924015000,
    "meta": 1484200285000,
    "relativePath": "image/gameconfig/8.png"
  },
  "fbbf72ca-d0b1-41f0-9fd1-060c15934153": {
    "asset": 1482775089000,
    "meta": 1484200285000,
    "relativePath": "image/gameMode"
  },
  "bea41536-5d0b-4573-b865-d90466b4c090": {
    "asset": 1482775089000,
    "meta": 1484200285000,
    "relativePath": "image/gameMode/10.png"
  },
  "0a2973d5-d122-4cfb-bf1f-8911c7864ddb": {
    "asset": 1482775089000,
    "meta": 1484200285000,
    "relativePath": "image/gameMode/1.png"
  },
  "9520c22c-fee8-42cf-a3fc-d643195491cf": {
    "asset": 1482775089000,
    "meta": 1484200285000,
    "relativePath": "image/gameMode/11.png"
  },
  "03148029-88f8-4322-b51e-6b900ccb9eca": {
    "asset": 1482775089000,
    "meta": 1484200285000,
    "relativePath": "image/gameMode/12.png"
  },
  "44c1188c-e55d-4631-8241-4367d779d53a": {
    "asset": 1482775089000,
    "meta": 1484200285000,
    "relativePath": "image/gameMode/13.png"
  },
  "6e0029c0-576c-4bfa-8984-6c349116c6dd": {
    "asset": 1482775089000,
    "meta": 1484200285000,
    "relativePath": "image/gameMode/15.png"
  },
  "30b217bc-087b-4093-8bea-0f1cb182622a": {
    "asset": 1482775089000,
    "meta": 1484200285000,
    "relativePath": "image/gameMode/14.png"
  },
  "35ac2622-a7d8-4bd2-9b96-4ed6fa79d75d": {
    "asset": 1482775089000,
    "meta": 1484200285000,
    "relativePath": "image/gameMode/16.png"
  },
  "ff5fc24e-3b90-46a4-9d8b-f63516924c57": {
    "asset": 1482775089000,
    "meta": 1484200285000,
    "relativePath": "image/gameMode/17.png"
  },
  "d09d84e4-a98c-4ac5-ba37-6e13f9a5d5ab": {
    "asset": 1482775089000,
    "meta": 1484200285000,
    "relativePath": "image/gameMode/18.png"
  },
  "26ee4765-1748-4e35-8ef5-9572ebfb5299": {
    "asset": 1482775089000,
    "meta": 1484200285000,
    "relativePath": "image/gameMode/19.png"
  },
  "4dff65d4-2cdf-4b8a-95b7-99767e2a5011": {
    "asset": 1482775089000,
    "meta": 1484200285000,
    "relativePath": "image/gameMode/2.png"
  },
  "22524891-0d50-44b6-a111-3606c11de3a2": {
    "asset": 1482775089000,
    "meta": 1484200285000,
    "relativePath": "image/gameMode/20.png"
  },
  "c0dff807-4e06-4ffd-92a6-c558290c24a0": {
    "asset": 1482775089000,
    "meta": 1484200285000,
    "relativePath": "image/gameMode/21.png"
  },
  "6d913f58-e4ef-4177-ac2b-fed8662306ec": {
    "asset": 1482775089000,
    "meta": 1484200285000,
    "relativePath": "image/gameMode/4.png"
  },
  "872a307d-7f32-4efb-a580-037f319180b4": {
    "asset": 1482775089000,
    "meta": 1484200285000,
    "relativePath": "image/gameMode/3.png"
  },
  "a35d9e49-059e-4585-b6ed-2968a107c738": {
    "asset": 1482775089000,
    "meta": 1484200285000,
    "relativePath": "image/gameMode/5.png"
  },
  "d08f75f5-1c8a-4bdd-b06a-900a7a6ea9e5": {
    "asset": 1482775089000,
    "meta": 1484200285000,
    "relativePath": "image/gameMode/6.png"
  },
  "204976ae-b29b-4f6c-9341-00e6f8215095": {
    "asset": 1482775089000,
    "meta": 1484200285000,
    "relativePath": "image/gameMode/7.png"
  },
  "12f786f2-4188-4a05-81ce-2546c71823b2": {
    "asset": 1482775089000,
    "meta": 1484200285000,
    "relativePath": "image/gameMode/8.png"
  },
  "3145499a-ac45-4a9f-8acb-1b7b4b81515c": {
    "asset": 1482843319000,
    "meta": 1484200285000,
    "relativePath": "image/gameroom"
  },
  "21725d2b-c01e-47a9-bd4e-1e3bc7184790": {
    "asset": 1482775089000,
    "meta": 1484200285000,
    "relativePath": "image/gameMode/9.png"
  },
  "261126a9-15ed-47f9-ab19-f786359ff7fa": {
    "asset": 1482843319000,
    "meta": 1484200285000,
    "relativePath": "image/gameroom/00.png"
  },
  "e4077ecb-5799-4037-9c66-a7ade02c4c34": {
    "asset": 1482843319000,
    "meta": 1484200285000,
    "relativePath": "image/gameroom/1.png"
  },
  "23bc8e01-dbb2-4aa6-bd5d-e14fd2aff58c": {
    "asset": 1482843319000,
    "meta": 1484200285000,
    "relativePath": "image/gameroom/10.png"
  },
  "dce26500-084c-43d0-94c9-94fb007ff7e7": {
    "asset": 1482843319000,
    "meta": 1484200285000,
    "relativePath": "image/gameroom/11.png"
  },
  "e55fc97d-0a8d-4e4e-a790-e20cde1f46f9": {
    "asset": 1482843319000,
    "meta": 1484200285000,
    "relativePath": "image/gameroom/2.png"
  },
  "e92b919a-0504-41d0-9a8b-7db2f2e5657b": {
    "asset": 1482843319000,
    "meta": 1484200285000,
    "relativePath": "image/gameroom/22.png"
  },
  "d52c1be8-60e5-4b8a-bcc2-7cf20347978a": {
    "asset": 1482843319000,
    "meta": 1484200285000,
    "relativePath": "image/gameroom/33.png"
  },
  "875c0c95-d221-473a-80a5-515faab53126": {
    "asset": 1482843319000,
    "meta": 1484200285000,
    "relativePath": "image/gameroom/3.png"
  },
  "c2e4640e-7276-420f-a903-954f4bf6fe6f": {
    "asset": 1482843319000,
    "meta": 1484200285000,
    "relativePath": "image/gameroom/4.png"
  },
  "9829afbd-51f4-4df6-8c3c-6438378a617a": {
    "asset": 1482843319000,
    "meta": 1484200285000,
    "relativePath": "image/gameroom/44.png"
  },
  "3669cf4a-3a25-468a-9291-096fef358cc6": {
    "asset": 1482843319000,
    "meta": 1484200285000,
    "relativePath": "image/gameroom/5.png"
  },
  "650b1487-e698-4b22-9a49-8205b30f6528": {
    "asset": 1482843319000,
    "meta": 1484200285000,
    "relativePath": "image/gameroom/55.png"
  },
  "8ec3d3b2-6399-4c77-abcd-422cbaadc29b": {
    "asset": 1482843319000,
    "meta": 1484200285000,
    "relativePath": "image/gameroom/6.png"
  },
  "e6a4e3a2-d257-4d34-9938-4296b0bf07df": {
    "asset": 1482843319000,
    "meta": 1484200285000,
    "relativePath": "image/gameroom/66.png"
  },
  "0acad8fc-650b-41dd-89d1-1cf4f5c139c2": {
    "asset": 1482843319000,
    "meta": 1484200285000,
    "relativePath": "image/gameroom/7.png"
  },
  "f451f571-994d-43c9-879c-49285a1c2a9d": {
    "asset": 1482843319000,
    "meta": 1484200285000,
    "relativePath": "image/gameroom/77.png"
  },
  "d2aa8ce2-bc04-4ff8-8bf5-a0ae1c609e37": {
    "asset": 1482843319000,
    "meta": 1484200285000,
    "relativePath": "image/gameroom/8.png"
  },
  "7d4bcc14-1d08-4542-bfc7-d4796edfd2e9": {
    "asset": 1482843319000,
    "meta": 1484200285000,
    "relativePath": "image/gameroom/88.png"
  },
  "b1eecafc-3a76-4cf4-b2f8-425e9968f845": {
    "asset": 1482843319000,
    "meta": 1484200285000,
    "relativePath": "image/gameroom/9.png"
  },
  "7f8e159f-2027-44c8-b34e-2e59ed9ab5e6": {
    "asset": 1482232638000,
    "meta": 1484200285000,
    "relativePath": "image/index"
  },
  "b5bb8495-41f4-45fe-a5c8-694e23156cd3": {
    "asset": 1482843319000,
    "meta": 1484200285000,
    "relativePath": "image/gameroom/99.png"
  },
  "321c2874-2ae9-4cc5-a972-e9828f2bc1fa": {
    "asset": 1482232638000,
    "meta": 1484200285000,
    "relativePath": "image/index/10.png"
  },
  "a665a8b2-7cf0-4a1d-9bc7-dca6b60ca244": {
    "asset": 1482232638000,
    "meta": 1484200285000,
    "relativePath": "image/index/11.png"
  },
  "e6cda9b2-1d6e-40dc-9f4b-2710c544ddbc": {
    "asset": 1482232638000,
    "meta": 1484200285000,
    "relativePath": "image/index/1.png"
  },
  "8cf55964-846d-4eb3-ac3d-6ab1b678414e": {
    "asset": 1482232638000,
    "meta": 1484200285000,
    "relativePath": "image/index/2.png"
  },
  "85abcce3-ce1d-43ea-8c5c-72bcc5e66bfd": {
    "asset": 1482232638000,
    "meta": 1484200285000,
    "relativePath": "image/index/3.png"
  },
  "9b19e8f4-b5e3-4fdc-9225-0cf4420bee2c": {
    "asset": 1482232638000,
    "meta": 1484200285000,
    "relativePath": "image/index/5.png"
  },
  "255de90a-1f8b-4033-a1e4-96e73963c634": {
    "asset": 1482232638000,
    "meta": 1484200285000,
    "relativePath": "image/index/4.png"
  },
  "6ee11687-61d3-459c-b658-533722d650bc": {
    "asset": 1482232638000,
    "meta": 1484200285000,
    "relativePath": "image/index/7.png"
  },
  "47ca4f5d-816c-4895-98be-19d1727809d6": {
    "asset": 1482232638000,
    "meta": 1484200285000,
    "relativePath": "image/index/6.png"
  },
  "bf789f8c-17aa-4e61-aa41-954cc5ec5c77": {
    "asset": 1482232638000,
    "meta": 1484200285000,
    "relativePath": "image/index/8.png"
  },
  "bdc6325b-d64a-4a02-aa08-adb227044685": {
    "asset": 1483535953000,
    "meta": 1484200285000,
    "relativePath": "image/mainMenu"
  },
  "2f48ca1b-85f1-4833-bb56-ac647f55afba": {
    "asset": 1482232638000,
    "meta": 1484200285000,
    "relativePath": "image/index/9.png"
  },
  "0215e232-0de9-4e59-bb6f-ee93a2f89696": {
    "asset": 1482771112000,
    "meta": 1484200285000,
    "relativePath": "image/mainMenu/10.png"
  },
  "c0865adb-f11a-4705-bbf7-00ad77bcef68": {
    "asset": 1482771112000,
    "meta": 1484200285000,
    "relativePath": "image/mainMenu/11.png"
  },
  "2e947202-8c24-4504-ae77-f6a078a0bbea": {
    "asset": 1482771112000,
    "meta": 1484200285000,
    "relativePath": "image/mainMenu/1.png"
  },
  "bd6118da-f7fe-4f95-9d6d-1429088a6e4b": {
    "asset": 1482771112000,
    "meta": 1484200285000,
    "relativePath": "image/mainMenu/12.png"
  },
  "deffc378-cb62-442e-99a0-141d1f03fe67": {
    "asset": 1482771112000,
    "meta": 1484200285000,
    "relativePath": "image/mainMenu/13.png"
  },
  "b1aaca12-d2cb-4fc9-b950-68fe18b61308": {
    "asset": 1482771112000,
    "meta": 1484200285000,
    "relativePath": "image/mainMenu/14.png"
  },
  "4e87c56e-4dd7-41ba-b4b3-c321b9975f2b": {
    "asset": 1482771112000,
    "meta": 1484200285000,
    "relativePath": "image/mainMenu/15.png"
  },
  "e73acc50-84db-48c9-9a46-5a4ca2541d5f": {
    "asset": 1482771112000,
    "meta": 1484200285000,
    "relativePath": "image/mainMenu/16.png"
  },
  "829d9e3e-3de0-4657-8de7-b7f0fc2fdde3": {
    "asset": 1482771112000,
    "meta": 1484200285000,
    "relativePath": "image/mainMenu/17.png"
  },
  "e24e7434-5c80-4ca7-98dd-f4b8135ac39d": {
    "asset": 1482771112000,
    "meta": 1484200285000,
    "relativePath": "image/mainMenu/18.png"
  },
  "6afa4dc6-5bf8-4e04-b501-17f1b9b707d4": {
    "asset": 1482771112000,
    "meta": 1484200285000,
    "relativePath": "image/mainMenu/19.png"
  },
  "411ed1da-44e6-49db-a5b0-ef2f95982b52": {
    "asset": 1482771112000,
    "meta": 1484200285000,
    "relativePath": "image/mainMenu/20.png"
  },
  "24473bfb-cdba-4f46-b852-eb1143a2e6f0": {
    "asset": 1482771112000,
    "meta": 1484200285000,
    "relativePath": "image/mainMenu/2.png"
  },
  "4d16d194-efaf-401a-b9ce-fe074875309b": {
    "asset": 1482771112000,
    "meta": 1484200285000,
    "relativePath": "image/mainMenu/21.png"
  },
  "06cd1b99-924f-4e4c-9b78-eaad79da0978": {
    "asset": 1482771112000,
    "meta": 1484200285000,
    "relativePath": "image/mainMenu/22.png"
  },
  "dcc86b00-799a-44f8-8f2a-e1ae927ad669": {
    "asset": 1482771112000,
    "meta": 1484200285000,
    "relativePath": "image/mainMenu/23.png"
  },
  "d958ec98-5019-4e88-b22a-9a66f2bcfda6": {
    "asset": 1482771112000,
    "meta": 1484200285000,
    "relativePath": "image/mainMenu/24.png"
  },
  "74c010de-ab38-4b2f-9aa4-d6b221cddc16": {
    "asset": 1482771112000,
    "meta": 1484200285000,
    "relativePath": "image/mainMenu/25.png"
  },
  "114aa96b-f9e0-43eb-b615-ae17bb7f29db": {
    "asset": 1482771112000,
    "meta": 1484200285000,
    "relativePath": "image/mainMenu/26.png"
  },
  "3f1ad341-f730-48e4-927a-df7517d020ac": {
    "asset": 1482771112000,
    "meta": 1484200285000,
    "relativePath": "image/mainMenu/27.png"
  },
  "06fb8de7-1d28-496b-8888-ee3874cbc72f": {
    "asset": 1482771112000,
    "meta": 1484200285000,
    "relativePath": "image/mainMenu/28.png"
  },
  "8d1e0b66-523b-4fd8-8263-a8adfaaa1af8": {
    "asset": 1482771112000,
    "meta": 1484200286000,
    "relativePath": "image/mainMenu/29.png"
  },
  "219640bb-368f-4476-bc8f-b0966ea0d487": {
    "asset": 1482771112000,
    "meta": 1484200286000,
    "relativePath": "image/mainMenu/3.png"
  },
  "f089f586-e317-425f-b89d-ab36d3305a69": {
    "asset": 1482771112000,
    "meta": 1484200286000,
    "relativePath": "image/mainMenu/30.png"
  },
  "d8eb1853-ca3a-4bb8-ab8b-8aba1b67660e": {
    "asset": 1482771112000,
    "meta": 1484200286000,
    "relativePath": "image/mainMenu/31.png"
  },
  "9b439ca9-7b29-490c-a86c-ee3b7731393e": {
    "asset": 1482771112000,
    "meta": 1484200286000,
    "relativePath": "image/mainMenu/32.png"
  },
  "d0518ded-1d6a-4bff-bced-cc58396460de": {
    "asset": 1482771112000,
    "meta": 1484200286000,
    "relativePath": "image/mainMenu/33.png"
  },
  "1df8ed81-504a-4561-9e67-17e8b9e3d7ed": {
    "asset": 1482771112000,
    "meta": 1484200286000,
    "relativePath": "image/mainMenu/34.png"
  },
  "a1af57df-0d5a-4796-801d-df3c2a1061b8": {
    "asset": 1482771112000,
    "meta": 1484200286000,
    "relativePath": "image/mainMenu/35.png"
  },
  "1f58e9d8-2bee-4575-a0df-3ae77d236757": {
    "asset": 1482771112000,
    "meta": 1484200286000,
    "relativePath": "image/mainMenu/4.png"
  },
  "59dad8bd-5d22-4a73-b113-ebed1a0fe39e": {
    "asset": 1482771112000,
    "meta": 1484200286000,
    "relativePath": "image/mainMenu/5.png"
  },
  "9adf026b-4980-4f93-9c65-ee9cb8ec3e7c": {
    "asset": 1482771112000,
    "meta": 1484200286000,
    "relativePath": "image/mainMenu/6.png"
  },
  "9f41d7bd-c4d0-448f-ac55-fe7ee9f1f3d9": {
    "asset": 1482771112000,
    "meta": 1484200286000,
    "relativePath": "image/mainMenu/7.png"
  },
  "007d6e61-db5f-4399-907e-e85fb0dff5b7": {
    "asset": 1482771112000,
    "meta": 1484200286000,
    "relativePath": "image/mainMenu/9.png"
  },
  "1411f6c6-f3ce-43a8-b1ad-71e760cb7d91": {
    "asset": 1482771112000,
    "meta": 1484200286000,
    "relativePath": "image/mainMenu/8.png"
  },
  "66b0ec11-59e0-44ec-9a46-4eeb0efcf01a": {
    "asset": 1484461794000,
    "meta": 1484817802000,
    "relativePath": "image/table"
  },
  "44c84cd4-dc8e-46c5-aeb2-e745769eea36": {
    "asset": 1483535953000,
    "meta": 1484200286000,
    "relativePath": "image/mainMenu/backRoom.png"
  },
  "d86b1083-99bc-4db3-9329-24dd6ff4c364": {
    "asset": 1482932853000,
    "meta": 1484200286000,
    "relativePath": "image/table/10.png"
  },
  "fdeb1358-c7f0-4d2f-8b85-eb6e455887b1": {
    "asset": 1482932877000,
    "meta": 1484200286000,
    "relativePath": "image/table/1.png"
  },
  "91d772fe-ee71-4356-a1ff-0d8324752a61": {
    "asset": 1482932853000,
    "meta": 1484200286000,
    "relativePath": "image/table/11.png"
  },
  "ec8c652f-61f9-4c51-b058-70813a64556a": {
    "asset": 1482932853000,
    "meta": 1484200286000,
    "relativePath": "image/table/12.png"
  },
  "a75f9bcf-a762-4b07-9e5d-9e6c3fb7a340": {
    "asset": 1482932853000,
    "meta": 1484200286000,
    "relativePath": "image/table/13.png"
  },
  "3354531d-17f2-4bb7-b862-cedf70b8d34c": {
    "asset": 1482932853000,
    "meta": 1484200286000,
    "relativePath": "image/table/14.png"
  },
  "7784eead-5fc3-4103-be8e-62f75326963a": {
    "asset": 1482932853000,
    "meta": 1484200286000,
    "relativePath": "image/table/15.png"
  },
  "d29edc1e-40df-4dd1-8fa3-c0b67790de13": {
    "asset": 1482932853000,
    "meta": 1484200286000,
    "relativePath": "image/table/16.png"
  },
  "7764933a-21d1-4e88-a59d-1ab6a27e75eb": {
    "asset": 1482932853000,
    "meta": 1484200286000,
    "relativePath": "image/table/17.png"
  },
  "4493cbac-fab9-47bf-a76f-4f7c5214b793": {
    "asset": 1482932853000,
    "meta": 1484200286000,
    "relativePath": "image/table/18.png"
  },
  "7df6da0a-3735-4e61-9683-a55c1bb258b1": {
    "asset": 1482932853000,
    "meta": 1484200286000,
    "relativePath": "image/table/19.png"
  },
  "eab5a8da-8071-4896-904c-91d26b166f3f": {
    "asset": 1482932853000,
    "meta": 1484200286000,
    "relativePath": "image/table/2.png"
  },
  "874f6dcb-b672-4668-94e9-8c52b44d61fa": {
    "asset": 1482932853000,
    "meta": 1484200286000,
    "relativePath": "image/table/20.png"
  },
  "9118fbaf-b04e-4bb1-9a68-77e64a8a5424": {
    "asset": 1482932867000,
    "meta": 1484200286000,
    "relativePath": "image/table/21.png"
  },
  "df7c484a-4231-4bf8-902e-12d3cc996212": {
    "asset": 1482932867000,
    "meta": 1484200286000,
    "relativePath": "image/table/22.png"
  },
  "0cd078c8-bec0-464c-b593-cc4675c0449b": {
    "asset": 1482932867000,
    "meta": 1484200286000,
    "relativePath": "image/table/23.png"
  },
  "1f14190a-0c0a-4320-bba9-f96bb0d84eaa": {
    "asset": 1482932867000,
    "meta": 1484200286000,
    "relativePath": "image/table/24.png"
  },
  "9115fff0-0ea2-4f11-b0ae-40532d498f93": {
    "asset": 1482932867000,
    "meta": 1484200286000,
    "relativePath": "image/table/25.png"
  },
  "d6a3db9a-f15c-458e-8fe4-4696eb8b950f": {
    "asset": 1482932867000,
    "meta": 1484200286000,
    "relativePath": "image/table/26.png"
  },
  "44c536fd-acad-4f3f-ac73-713feb84bc46": {
    "asset": 1482932853000,
    "meta": 1484200286000,
    "relativePath": "image/table/3.png"
  },
  "0f4b885f-d34d-4aa0-a9e2-8ddfeca41073": {
    "asset": 1482932853000,
    "meta": 1484200286000,
    "relativePath": "image/table/4.png"
  },
  "c37514df-ac5a-4cd8-acef-c3703151c338": {
    "asset": 1482932853000,
    "meta": 1484200286000,
    "relativePath": "image/table/5.png"
  },
  "9b88af44-9c32-4101-b12c-3948855a0558": {
    "asset": 1482932853000,
    "meta": 1484200286000,
    "relativePath": "image/table/6.png"
  },
  "1416786c-82e8-4063-88f4-583e441658c1": {
    "asset": 1482932853000,
    "meta": 1484200286000,
    "relativePath": "image/table/7.png"
  },
  "7dcb326b-eac5-4a59-ab8c-a5109a69eb16": {
    "asset": 1482932853000,
    "meta": 1484200286000,
    "relativePath": "image/table/8.png"
  },
  "ae3e6c89-b750-4866-8e96-c23135efa5ef": {
    "asset": 1482932853000,
    "meta": 1484200286000,
    "relativePath": "image/table/9.png"
  },
  "8e0f4c65-6338-4791-af3f-48ea6a5d8545": {
    "asset": 1484320139000,
    "meta": 1484817802000,
    "relativePath": "image/table/pai"
  },
  "86ea63ff-ce52-4562-b460-fb0b252fd673": {
    "asset": 1484032017000,
    "meta": 1484200286000,
    "relativePath": "image/table/pai/lipai"
  },
  "39f983e3-ddb4-44f6-beca-5601a7d3d94d": {
    "asset": 1484199871000,
    "meta": 1484200286000,
    "relativePath": "image/table/pai/lipai/tiao"
  },
  "725b5a1b-9527-4acd-a009-e525c809f858": {
    "asset": 1484032098000,
    "meta": 1484200286000,
    "relativePath": "image/table/pai/lipai/tiao/1t.png"
  },
  "4ea58b77-8b3a-49f1-a7e3-bd7e9df45315": {
    "asset": 1484032098000,
    "meta": 1484200286000,
    "relativePath": "image/table/pai/lipai/tiao/2t.png"
  },
  "2001c6d0-f46d-4c2c-add6-02672721ed65": {
    "asset": 1484032098000,
    "meta": 1484200286000,
    "relativePath": "image/table/pai/lipai/tiao/4t.png"
  },
  "c8971125-23ba-4b1e-a6a4-646e26c55ce8": {
    "asset": 1484032098000,
    "meta": 1484200286000,
    "relativePath": "image/table/pai/lipai/tiao/3t.png"
  },
  "1a8997d0-0ab3-42f7-aa5f-2f4a9821eb8e": {
    "asset": 1484032098000,
    "meta": 1484200286000,
    "relativePath": "image/table/pai/lipai/tiao/5t.png"
  },
  "e76b49a4-cf1a-421a-85c5-e7cbd78d94b8": {
    "asset": 1484032098000,
    "meta": 1484200286000,
    "relativePath": "image/table/pai/lipai/tiao/6t.png"
  },
  "3013e705-b04b-4a0a-87a2-a7315679c372": {
    "asset": 1484032098000,
    "meta": 1484200286000,
    "relativePath": "image/table/pai/lipai/tiao/7t.png"
  },
  "9d8deaac-abd1-4879-ac4f-6b1b82ed981c": {
    "asset": 1484032098000,
    "meta": 1484200286000,
    "relativePath": "image/table/pai/lipai/tiao/8t.png"
  },
  "e711cb38-9106-438f-87e2-733fd34655bd": {
    "asset": 1484032003000,
    "meta": 1484200286000,
    "relativePath": "image/table/pai/lipai/tong"
  },
  "300c775c-e186-42b7-83ae-f1ea63df32cd": {
    "asset": 1484032098000,
    "meta": 1484200286000,
    "relativePath": "image/table/pai/lipai/tiao/9t.png"
  },
  "dc44120e-80d7-40b2-a5e9-1b3466c4008c": {
    "asset": 1484032003000,
    "meta": 1484200286000,
    "relativePath": "image/table/pai/lipai/tong/1b.png"
  },
  "f93b318d-fc15-48cd-a904-678ce013b2aa": {
    "asset": 1484032003000,
    "meta": 1484200286000,
    "relativePath": "image/table/pai/lipai/tong/3b.png"
  },
  "d7f75a0b-3b48-42a2-9a8f-e0ec57a51b25": {
    "asset": 1484032003000,
    "meta": 1484200286000,
    "relativePath": "image/table/pai/lipai/tong/2b.png"
  },
  "6664307d-d87c-43db-847f-b405a8410c78": {
    "asset": 1484032003000,
    "meta": 1484200286000,
    "relativePath": "image/table/pai/lipai/tong/4b.png"
  },
  "24d6c25c-f730-443e-936a-899932ac985c": {
    "asset": 1484032003000,
    "meta": 1484200286000,
    "relativePath": "image/table/pai/lipai/tong/5b.png"
  },
  "23452125-b750-47c2-a1fb-c976afacc4c7": {
    "asset": 1484032003000,
    "meta": 1484200286000,
    "relativePath": "image/table/pai/lipai/tong/6b.png"
  },
  "930a6c82-c2d7-4744-b3e2-d64410db4fd9": {
    "asset": 1484032003000,
    "meta": 1484200286000,
    "relativePath": "image/table/pai/lipai/tong/7b.png"
  },
  "98f5da59-d6cc-4931-9baa-0d3b3c1a37fb": {
    "asset": 1484032003000,
    "meta": 1484200286000,
    "relativePath": "image/table/pai/lipai/tong/9b.png"
  },
  "778dca05-f4f9-46d5-887b-53a50caac3b1": {
    "asset": 1484032003000,
    "meta": 1484200286000,
    "relativePath": "image/table/pai/lipai/tong/8b.png"
  },
  "9210abec-a41c-4cbc-a52d-60f738302653": {
    "asset": 1484032115000,
    "meta": 1484200286000,
    "relativePath": "image/table/pai/lipai/wan"
  },
  "c62cc91c-b2f1-42ee-9dcb-e85641a6e665": {
    "asset": 1484032115000,
    "meta": 1484200286000,
    "relativePath": "image/table/pai/lipai/wan/2w.png"
  },
  "3b6a112b-0c4e-4be0-81a6-69a588d6a93a": {
    "asset": 1484032115000,
    "meta": 1484200286000,
    "relativePath": "image/table/pai/lipai/wan/1w.png"
  },
  "3111478d-bf44-45c8-98e9-568c0dcb487e": {
    "asset": 1484032115000,
    "meta": 1484200286000,
    "relativePath": "image/table/pai/lipai/wan/4w.png"
  },
  "b1c75fc7-4a64-4587-94e7-a205b16a885a": {
    "asset": 1484032115000,
    "meta": 1484200286000,
    "relativePath": "image/table/pai/lipai/wan/3w.png"
  },
  "eb1ed79f-25f7-43a8-a7fb-f4cffbdec9b1": {
    "asset": 1484032115000,
    "meta": 1484200286000,
    "relativePath": "image/table/pai/lipai/wan/6w.png"
  },
  "248e0ad2-013a-4836-ba81-e767e9aa5b3e": {
    "asset": 1484032115000,
    "meta": 1484200286000,
    "relativePath": "image/table/pai/lipai/wan/5w.png"
  },
  "d276994d-cc1c-4756-b3e1-f093d6da13bf": {
    "asset": 1484032115000,
    "meta": 1484200286000,
    "relativePath": "image/table/pai/lipai/wan/7w.png"
  },
  "5e0d5268-faa6-47b2-bf85-e9699d9181c2": {
    "asset": 1484032115000,
    "meta": 1484200286000,
    "relativePath": "image/table/pai/lipai/wan/8w.png"
  },
  "7099b824-123b-447c-a1e1-b1045f2730bd": {
    "asset": 1484032115000,
    "meta": 1484200286000,
    "relativePath": "image/table/pai/lipai/wan/9w.png"
  },
  "3ee83332-4381-4f4e-8911-940f4c7844e8": {
    "asset": 1484032826000,
    "meta": 1484200286000,
    "relativePath": "image/table/pai/majiang_03.png"
  },
  "b9376907-ab36-4ed3-85ba-4edabc037613": {
    "asset": 1484032826000,
    "meta": 1484200286000,
    "relativePath": "image/table/pai/majiang_06.png"
  },
  "7372fb92-7163-4f1d-84b9-10875c0dda40": {
    "asset": 1484032826000,
    "meta": 1484200286000,
    "relativePath": "image/table/pai/majiang_09.png"
  },
  "2a692934-1466-421f-b205-0e214f081dc4": {
    "asset": 1484032826000,
    "meta": 1484200286000,
    "relativePath": "image/table/pai/majiang_11.png"
  },
  "df03fcaf-f682-4519-b568-3852b32271f3": {
    "asset": 1484835922000,
    "meta": 1484888589000,
    "relativePath": "resources/user1"
  },
  "c4e27d37-ad47-4d01-90fb-8f49ac8be2d6": {
    "asset": 1484032826000,
    "meta": 1484200286000,
    "relativePath": "image/table/pai/majiang_14.png"
  },
  "02c6a91a-f410-40d9-b6bd-7163de8bfeb8": {
    "asset": 1484670764000,
    "meta": 1484817802000,
    "relativePath": "resources/user1/tiao-u"
  },
  "8bf80b09-a766-4da0-b112-7e09515d6c39": {
    "asset": 1484032604000,
    "meta": 1484200286000,
    "relativePath": "image/table/table/1t.png"
  },
  "ef83e5d8-1f29-4361-b1fb-d2633f8e1942": {
    "asset": 1484032604000,
    "meta": 1484200286000,
    "relativePath": "resources/user1/tiao-u/2t.png"
  },
  "ea0567dc-ceaf-435e-b62f-a6c826e27573": {
    "asset": 1484032604000,
    "meta": 1484200286000,
    "relativePath": "resources/user1/tiao-u/3t.png"
  },
  "0006eb4d-d5b1-40f8-b681-38bcb8b48555": {
    "asset": 1484032604000,
    "meta": 1484200286000,
    "relativePath": "resources/user1/tiao-u/4t.png"
  },
  "a6382cfb-e206-4bce-ad51-aae8360c18be": {
    "asset": 1484032604000,
    "meta": 1484200286000,
    "relativePath": "resources/user1/tiao-u/5t.png"
  },
  "3aa39652-9a17-4d30-8d1a-c9f51b88a825": {
    "asset": 1484032604000,
    "meta": 1484200286000,
    "relativePath": "resources/user1/tiao-u/6t.png"
  },
  "14b34071-5d13-4e9c-b6cd-2551e61fad69": {
    "asset": 1484032604000,
    "meta": 1484200286000,
    "relativePath": "resources/user1/tiao-u/8t.png"
  },
  "f30b3018-917c-4ecc-ae78-5f4a18875ac5": {
    "asset": 1484032604000,
    "meta": 1484200286000,
    "relativePath": "resources/user1/tiao-u/7t.png"
  },
  "6e7b4299-a73d-4bd6-a001-f28d555d8456": {
    "asset": 1484032604000,
    "meta": 1484200286000,
    "relativePath": "resources/user3/tong-d"
  },
  "1a6c4e3a-3bc7-4a33-92d0-aab343fcfca5": {
    "asset": 1484032604000,
    "meta": 1484200286000,
    "relativePath": "resources/user1/tiao-u/9t.png"
  },
  "d70b49db-ca2b-4940-a499-ad4676d804bc": {
    "asset": 1484032604000,
    "meta": 1484200286000,
    "relativePath": "resources/user3/tong-d/1b.png"
  },
  "6279e25c-df2f-4da1-8192-237f68322c6e": {
    "asset": 1484032604000,
    "meta": 1484200286000,
    "relativePath": "resources/user3/tong-d/2b.png"
  },
  "d0a24bbd-0109-475e-bd98-cf2da998354e": {
    "asset": 1484032604000,
    "meta": 1484200286000,
    "relativePath": "resources/user3/tong-d/3b.png"
  },
  "97f541fc-c91c-4f4f-bc09-d94138602bd2": {
    "asset": 1484032604000,
    "meta": 1484200286000,
    "relativePath": "resources/user3/tong-d/4b.png"
  },
  "ef7832a5-edef-43a1-b954-69362e28459f": {
    "asset": 1484032604000,
    "meta": 1484200286000,
    "relativePath": "resources/user3/tong-d/5b.png"
  },
  "8bc16531-5963-4d11-b9db-15411561ee89": {
    "asset": 1484032604000,
    "meta": 1484200286000,
    "relativePath": "resources/user3/tong-d/6b.png"
  },
  "7174fe29-23fc-44c3-80ae-6b73e2f073a5": {
    "asset": 1484032604000,
    "meta": 1484200286000,
    "relativePath": "resources/user3/tong-d/7b.png"
  },
  "51951607-33d7-440c-a812-905843d60fd2": {
    "asset": 1484032604000,
    "meta": 1484200286000,
    "relativePath": "resources/user3/tong-d/8b.png"
  },
  "897ee5c0-ab07-447d-9f91-00f7871164e9": {
    "asset": 1484032604000,
    "meta": 1484200286000,
    "relativePath": "resources/user3/wan-d"
  },
  "ae77e914-9d7c-4dc2-b8c0-1ba110e8ef4e": {
    "asset": 1484032604000,
    "meta": 1484200286000,
    "relativePath": "resources/user3/tong-d/9b.png"
  },
  "0b6e9f37-53ad-4694-a8c5-e11c2ee11d26": {
    "asset": 1484032604000,
    "meta": 1484200286000,
    "relativePath": "resources/user3/wan-d/1w.png"
  },
  "9fdb53b3-0b52-431e-bf81-6862b8295819": {
    "asset": 1484032604000,
    "meta": 1484200286000,
    "relativePath": "resources/user3/wan-d/2w.png"
  },
  "31c22367-57ec-409f-ac49-2b7a7b7973ff": {
    "asset": 1484032604000,
    "meta": 1484200286000,
    "relativePath": "resources/user3/wan-d/3w.png"
  },
  "2724e1d8-0010-4dc7-b1cc-075747cf637f": {
    "asset": 1484032604000,
    "meta": 1484200286000,
    "relativePath": "resources/user3/wan-d/4w.png"
  },
  "6fbc112c-0ad0-4347-a71e-3b49e59d674f": {
    "asset": 1484032604000,
    "meta": 1484200286000,
    "relativePath": "resources/user3/wan-d/5w.png"
  },
  "cb7afb95-eeac-4dc7-87f1-e506189990f7": {
    "asset": 1484032604000,
    "meta": 1484200286000,
    "relativePath": "resources/user3/wan-d/6w.png"
  },
  "0176b5f6-fa45-46d8-b263-4b44a28680f6": {
    "asset": 1484032604000,
    "meta": 1484200286000,
    "relativePath": "resources/user3/wan-d/7w.png"
  },
  "e4f319f2-e268-492a-a75d-e07f75f77a13": {
    "asset": 1484032604000,
    "meta": 1484200286000,
    "relativePath": "resources/user3/wan-d/8w.png"
  },
  "13a03533-9925-455f-bf08-9632887abb82": {
    "asset": 1484035286000,
    "meta": 1484200286000,
    "relativePath": "resources/user2"
  },
  "66926fd0-8bfb-4bba-93b5-31797afe02b3": {
    "asset": 1484035286000,
    "meta": 1484200286000,
    "relativePath": "resources/user2/tiao-l"
  },
  "57bfa378-20e7-4980-a650-e53f4600801a": {
    "asset": 1484032604000,
    "meta": 1484200286000,
    "relativePath": "resources/user3/wan-d/9w.png"
  },
  "a8643d20-842d-42fd-8661-4beaccae1e5d": {
    "asset": 1484035286000,
    "meta": 1484200286000,
    "relativePath": "resources/user2/tiao-l/1t.png"
  },
  "333fa74c-0ca1-4404-a70f-cde294c3198e": {
    "asset": 1484035286000,
    "meta": 1484200286000,
    "relativePath": "resources/user2/tiao-l/2t.png"
  },
  "2f17f69f-204f-4f47-ba11-36efca568fc2": {
    "asset": 1484035286000,
    "meta": 1484200286000,
    "relativePath": "resources/user2/tiao-l/3t.png"
  },
  "95dd321d-80b5-432d-8ea1-f137b457ad48": {
    "asset": 1484035286000,
    "meta": 1484200286000,
    "relativePath": "resources/user2/tiao-l/5t.png"
  },
  "03b86a4e-67a4-4140-9f58-9046d524906d": {
    "asset": 1484035286000,
    "meta": 1484200286000,
    "relativePath": "resources/user2/tiao-l/4t.png"
  },
  "4859761b-d554-4f85-b1a2-ebef25ac8658": {
    "asset": 1484035286000,
    "meta": 1484200286000,
    "relativePath": "resources/user2/tiao-l/6t.png"
  },
  "f66b6649-7c42-4345-b44e-7112b80b696c": {
    "asset": 1484035286000,
    "meta": 1484200286000,
    "relativePath": "resources/user2/tiao-l/7t.png"
  },
  "dd21dde3-a735-4dc9-bb68-96428ce4362f": {
    "asset": 1484035286000,
    "meta": 1484200287000,
    "relativePath": "resources/user2/tiao-l/8t.png"
  },
  "9d3f832d-a945-47a8-a441-3bdb41d6299a": {
    "asset": 1484035286000,
    "meta": 1484200287000,
    "relativePath": "resources/user2/tiao-l/9t.png"
  },
  "97af57b8-a821-440b-9200-ff475f400675": {
    "asset": 1484035286000,
    "meta": 1484200287000,
    "relativePath": "resources/user2/tong-l"
  },
  "4585a959-fd9a-4816-ac37-5f0b619bba14": {
    "asset": 1484035286000,
    "meta": 1484200287000,
    "relativePath": "resources/user2/tong-l/1b.png"
  },
  "c0515461-1a0a-4ace-a093-7846c67cdac8": {
    "asset": 1484035286000,
    "meta": 1484200287000,
    "relativePath": "resources/user2/tong-l/2b.png"
  },
  "33711f72-1a48-41f3-9bc3-2cad20cda4d9": {
    "asset": 1484035286000,
    "meta": 1484200287000,
    "relativePath": "resources/user2/tong-l/3b.png"
  },
  "6ca0c659-6a33-492d-912e-0bd29bd57806": {
    "asset": 1484035286000,
    "meta": 1484200287000,
    "relativePath": "resources/user2/tong-l/4b.png"
  },
  "735eb617-74ad-493f-9229-aaa8f6c94b3d": {
    "asset": 1484035286000,
    "meta": 1484200287000,
    "relativePath": "resources/user2/tong-l/5b.png"
  },
  "96f8c689-eb50-488d-9be6-007e1e39af3c": {
    "asset": 1484035286000,
    "meta": 1484200287000,
    "relativePath": "resources/user2/tong-l/6b.png"
  },
  "91b9c8fb-86ec-4d8b-8218-221c003e91eb": {
    "asset": 1484035286000,
    "meta": 1484200287000,
    "relativePath": "resources/user2/tong-l/7b.png"
  },
  "b9d02faf-dde7-4d76-87cf-3b1f6fd180e1": {
    "asset": 1484035286000,
    "meta": 1484200287000,
    "relativePath": "resources/user2/tong-l/8b.png"
  },
  "b58774a4-9734-471e-8f83-579242b7fb27": {
    "asset": 1484035286000,
    "meta": 1484200287000,
    "relativePath": "resources/user2/wan-l"
  },
  "a334493e-c613-4056-8be4-b00c838e7e71": {
    "asset": 1484035286000,
    "meta": 1484200287000,
    "relativePath": "resources/user2/tong-l/9b.png"
  },
  "f5bc1e96-e084-4cb9-b936-f1b692bedf51": {
    "asset": 1484035286000,
    "meta": 1484200287000,
    "relativePath": "resources/user2/wan-l/1w.png"
  },
  "96d170ce-b610-4fda-9d93-b248a723702a": {
    "asset": 1484035286000,
    "meta": 1484200287000,
    "relativePath": "resources/user2/wan-l/2w.png"
  },
  "ec7ccb97-538b-4a5c-8233-1ff43a112001": {
    "asset": 1484035286000,
    "meta": 1484200287000,
    "relativePath": "resources/user2/wan-l/3w.png"
  },
  "2998ff7b-aa47-4cf2-a6f0-6191581fab6f": {
    "asset": 1484035286000,
    "meta": 1484200287000,
    "relativePath": "resources/user2/wan-l/4w.png"
  },
  "61a82021-498e-482c-afe2-460c8f27ca1d": {
    "asset": 1484035286000,
    "meta": 1484200287000,
    "relativePath": "resources/user2/wan-l/5w.png"
  },
  "f80c872b-0183-466c-9faa-5344b6abdcad": {
    "asset": 1484035286000,
    "meta": 1484200287000,
    "relativePath": "resources/user2/wan-l/6w.png"
  },
  "6dffdb87-a834-4fe5-bf33-812d5da77999": {
    "asset": 1484035286000,
    "meta": 1484200287000,
    "relativePath": "resources/user2/wan-l/7w.png"
  },
  "6bf82fae-c2d1-444e-b024-67c5db1e3f61": {
    "asset": 1484035286000,
    "meta": 1484200287000,
    "relativePath": "resources/user2/wan-l/8w.png"
  },
  "a579839d-3503-4b54-a6b7-55ea07dc8505": {
    "asset": 1484835909000,
    "meta": 1484888589000,
    "relativePath": "resources/user3"
  },
  "c5ce1dec-32bc-412c-9598-445a1d134e5a": {
    "asset": 1484032612000,
    "meta": 1484200287000,
    "relativePath": "resources/user3/tiao-d"
  },
  "cb73c5cb-bdfa-458e-a993-29a30df998a6": {
    "asset": 1484035286000,
    "meta": 1484200287000,
    "relativePath": "resources/user2/wan-l/9w.png"
  },
  "f43ddc3a-3fd9-442c-a092-27057ffbc313": {
    "asset": 1484032612000,
    "meta": 1484200287000,
    "relativePath": "resources/user3/tiao-d/1t.png"
  },
  "d52951c8-ee90-4590-a05c-adc52d372a49": {
    "asset": 1484032612000,
    "meta": 1484200287000,
    "relativePath": "resources/user3/tiao-d/2t.png"
  },
  "fdad2797-94ca-42b5-811d-6219cdc9352a": {
    "asset": 1484032612000,
    "meta": 1484200287000,
    "relativePath": "resources/user3/tiao-d/3t.png"
  },
  "6b3d1b24-8d30-4db6-9579-9de3985aaf61": {
    "asset": 1484032612000,
    "meta": 1484200287000,
    "relativePath": "resources/user3/tiao-d/4t.png"
  },
  "dde0cf9e-3c74-4143-9a63-559b79e666a5": {
    "asset": 1484032612000,
    "meta": 1484200287000,
    "relativePath": "resources/user3/tiao-d/5t.png"
  },
  "cbfde218-9e37-4eb5-918d-9851b8450950": {
    "asset": 1484032612000,
    "meta": 1484200287000,
    "relativePath": "resources/user3/tiao-d/6t.png"
  },
  "5495562c-ebca-4949-abfb-8232541349b9": {
    "asset": 1484032612000,
    "meta": 1484200287000,
    "relativePath": "resources/user3/tiao-d/8t.png"
  },
  "c2d54a70-580c-4f43-9240-b5d5d40d45b0": {
    "asset": 1484032612000,
    "meta": 1484200287000,
    "relativePath": "resources/user3/tiao-d/7t.png"
  },
  "cdbc080c-f67f-4d26-909b-836ccc4a5dbc": {
    "asset": 1484032612000,
    "meta": 1484200287000,
    "relativePath": "resources/user1/tong-u"
  },
  "70a1d0fc-b097-458f-8cf2-b1fefdd9accd": {
    "asset": 1484032612000,
    "meta": 1484200287000,
    "relativePath": "resources/user3/tiao-d/9t.png"
  },
  "8f3b8e7f-b35a-4003-aa67-62b18e610c56": {
    "asset": 1484032612000,
    "meta": 1484200287000,
    "relativePath": "resources/user1/tong-u/1b.png"
  },
  "d85cc8c4-b844-4ceb-89c5-2dd07f096db8": {
    "asset": 1484032612000,
    "meta": 1484200287000,
    "relativePath": "resources/user1/tong-u/2b.png"
  },
  "da07d10d-9e5e-47d7-9eff-bf5b8407fb1e": {
    "asset": 1484032612000,
    "meta": 1484200287000,
    "relativePath": "resources/user1/tong-u/3b.png"
  },
  "ec3de4b4-dab0-4780-b13e-865a5db491cb": {
    "asset": 1484032612000,
    "meta": 1484200287000,
    "relativePath": "resources/user1/tong-u/4b.png"
  },
  "0f6c30c6-9029-4e4e-988e-5ee343ceb26b": {
    "asset": 1484032612000,
    "meta": 1484200287000,
    "relativePath": "resources/user1/tong-u/5b.png"
  },
  "9607a59f-307e-4304-aeaf-83ece92d4830": {
    "asset": 1484032612000,
    "meta": 1484200287000,
    "relativePath": "resources/user1/tong-u/7b.png"
  },
  "b7e8929c-b2ad-4407-8654-b7f264dbf91a": {
    "asset": 1484032612000,
    "meta": 1484200287000,
    "relativePath": "resources/user1/tong-u/6b.png"
  },
  "ae1f3723-d07d-4780-851a-dc264827224a": {
    "asset": 1484032612000,
    "meta": 1484200287000,
    "relativePath": "resources/user1/tong-u/8b.png"
  },
  "6a87e5ae-b2d2-4992-8b22-d4229e327ff3": {
    "asset": 1484032612000,
    "meta": 1484200287000,
    "relativePath": "resources/user1/tong-u/9b.png"
  },
  "af8ada56-4f98-4661-a99c-7d459bb067dd": {
    "asset": 1484032612000,
    "meta": 1484200287000,
    "relativePath": "resources/user1/wan-u"
  },
  "c59ae191-d03f-4d87-b689-4ddbcbde6d65": {
    "asset": 1484032612000,
    "meta": 1484200287000,
    "relativePath": "resources/user1/wan-u/1w.png"
  },
  "ba0f86b9-bc90-4e7c-9d7e-c03a66c62691": {
    "asset": 1484032612000,
    "meta": 1484200287000,
    "relativePath": "resources/user1/wan-u/2w.png"
  },
  "4937ee53-9a3c-405d-b2c9-c504efc9671d": {
    "asset": 1484032612000,
    "meta": 1484200287000,
    "relativePath": "resources/user1/wan-u/3w.png"
  },
  "f85ea32b-2d6b-496c-bd51-7eb5bd33a52d": {
    "asset": 1484032612000,
    "meta": 1484200287000,
    "relativePath": "resources/user1/wan-u/4w.png"
  },
  "0684a7e3-4898-4d14-a733-09d30e472024": {
    "asset": 1484032612000,
    "meta": 1484200287000,
    "relativePath": "resources/user1/wan-u/5w.png"
  },
  "c4d5200d-28f8-45f5-842a-6a4f2951485e": {
    "asset": 1484032612000,
    "meta": 1484200287000,
    "relativePath": "resources/user1/wan-u/6w.png"
  },
  "9dc4ea31-37a7-4d05-ab2d-4cfd41a4b1a5": {
    "asset": 1484032612000,
    "meta": 1484200287000,
    "relativePath": "resources/user1/wan-u/7w.png"
  },
  "227b82d5-8ff6-4539-82bb-64b05ea4c1f1": {
    "asset": 1484032612000,
    "meta": 1484200287000,
    "relativePath": "resources/user1/wan-u/8w.png"
  },
  "928e7f49-6544-4a96-a87e-286324e0e076": {
    "asset": 1484035278000,
    "meta": 1484200287000,
    "relativePath": "resources/user4"
  },
  "becd8835-803c-40ae-bbe0-bb92d0abcdb2": {
    "asset": 1484035278000,
    "meta": 1484200287000,
    "relativePath": "resources/user4/tiao-r"
  },
  "c66f1456-865e-4fa0-bad8-99aa30c2af10": {
    "asset": 1484032612000,
    "meta": 1484200287000,
    "relativePath": "resources/user1/wan-u/9w.png"
  },
  "69ae7692-a442-4b1b-83c1-3fbdb6ab9f06": {
    "asset": 1484035278000,
    "meta": 1484200287000,
    "relativePath": "resources/user4/tiao-r/1t.png"
  },
  "5772f006-3fea-4bfb-b222-0b6f64b34aca": {
    "asset": 1484035278000,
    "meta": 1484200287000,
    "relativePath": "resources/user4/tiao-r/2t.png"
  },
  "6b3204a7-664a-4c41-8c86-b96b3c9bc396": {
    "asset": 1484035278000,
    "meta": 1484200287000,
    "relativePath": "resources/user4/tiao-r/3t.png"
  },
  "20783240-105e-478b-a001-8c3e73bc8704": {
    "asset": 1484035278000,
    "meta": 1484200287000,
    "relativePath": "resources/user4/tiao-r/4t.png"
  },
  "9812d570-2990-4c68-aec7-ec9ea65f2074": {
    "asset": 1484035278000,
    "meta": 1484200287000,
    "relativePath": "resources/user4/tiao-r/5t.png"
  },
  "696596fb-a790-4101-9a5a-b3464803e63a": {
    "asset": 1484035278000,
    "meta": 1484200287000,
    "relativePath": "resources/user4/tiao-r/6t.png"
  },
  "dce4ee0c-7f14-409a-9e08-96c81d5d4d8b": {
    "asset": 1484035278000,
    "meta": 1484200287000,
    "relativePath": "resources/user4/tiao-r/7t.png"
  },
  "024c30eb-ad52-4314-9e51-2b22319e6872": {
    "asset": 1484035278000,
    "meta": 1484200287000,
    "relativePath": "resources/user4/tiao-r/9t.png"
  },
  "1075e5ce-1b7b-4edd-a83c-c939cb017afc": {
    "asset": 1484035278000,
    "meta": 1484200287000,
    "relativePath": "resources/user4/tiao-r/8t.png"
  },
  "6a436055-9181-4d1d-a1ee-427a44dd443c": {
    "asset": 1484035278000,
    "meta": 1484200287000,
    "relativePath": "resources/user4/tong-r"
  },
  "f12e5a22-0a17-4f70-bddf-204284b44765": {
    "asset": 1484035278000,
    "meta": 1484200287000,
    "relativePath": "resources/user4/tong-r/1b.png"
  },
  "ff27cff2-f854-4c81-8124-b7fba0a7432b": {
    "asset": 1484035278000,
    "meta": 1484200287000,
    "relativePath": "resources/user4/tong-r/2b.png"
  },
  "37139948-8ee1-4471-9b07-612b3188e006": {
    "asset": 1484035278000,
    "meta": 1484200287000,
    "relativePath": "resources/user4/tong-r/4b.png"
  },
  "f61ca09c-dd1f-4706-bde2-f9d9b7d976b2": {
    "asset": 1484035278000,
    "meta": 1484200287000,
    "relativePath": "resources/user4/tong-r/3b.png"
  },
  "15840a99-84ef-433a-a08c-1be49f755a99": {
    "asset": 1484035278000,
    "meta": 1484200287000,
    "relativePath": "resources/user4/tong-r/6b.png"
  },
  "868cd46e-558b-4799-9129-c0d8e2032854": {
    "asset": 1484035278000,
    "meta": 1484200287000,
    "relativePath": "resources/user4/tong-r/5b.png"
  },
  "124d3630-3f88-43f9-a04f-8c005142688f": {
    "asset": 1484035278000,
    "meta": 1484200287000,
    "relativePath": "resources/user4/tong-r/7b.png"
  },
  "c41b4838-f460-40d0-a076-614d51a39898": {
    "asset": 1484035278000,
    "meta": 1484200287000,
    "relativePath": "resources/user4/tong-r/8b.png"
  },
  "b56a12a6-f999-4dd5-a3c7-549d44d197b5": {
    "asset": 1484035278000,
    "meta": 1484200287000,
    "relativePath": "resources/user4/wan-r"
  },
  "9be84dd9-f3f6-4421-b6c3-4c4a59960796": {
    "asset": 1484035278000,
    "meta": 1484200287000,
    "relativePath": "resources/user4/tong-r/9b.png"
  },
  "4c75ba14-5790-4776-b422-e1182db21067": {
    "asset": 1484035278000,
    "meta": 1484200287000,
    "relativePath": "resources/user4/wan-r/1w.png"
  },
  "37fb647f-266b-41d4-a825-221f5f4c23ed": {
    "asset": 1484035278000,
    "meta": 1484200287000,
    "relativePath": "resources/user4/wan-r/2w.png"
  },
  "d5cb2c78-bd72-4468-8340-395dec0f658f": {
    "asset": 1484035278000,
    "meta": 1484200287000,
    "relativePath": "resources/user4/wan-r/3w.png"
  },
  "9e66af18-d1d3-4331-9da8-dabd9b0df37a": {
    "asset": 1484035278000,
    "meta": 1484200287000,
    "relativePath": "resources/user4/wan-r/4w.png"
  },
  "f9214569-b913-4c6a-89e9-d05647206b70": {
    "asset": 1484035278000,
    "meta": 1484200287000,
    "relativePath": "resources/user4/wan-r/5w.png"
  },
  "0701766f-b197-409c-b91e-ae466f4d410d": {
    "asset": 1484035278000,
    "meta": 1484200287000,
    "relativePath": "resources/user4/wan-r/6w.png"
  },
  "adafbdbe-e572-45bf-8ec7-13ace7b187a2": {
    "asset": 1484035278000,
    "meta": 1484200287000,
    "relativePath": "resources/user4/wan-r/7w.png"
  },
  "a1ade567-1952-4401-8c0f-a76740b19257": {
    "asset": 1484035278000,
    "meta": 1484200287000,
    "relativePath": "resources/user4/wan-r/8w.png"
  },
  "e066c738-911c-45bf-ae2c-610dc503c583": {
    "asset": 1484033332000,
    "meta": 1484200287000,
    "relativePath": "image/table/pai/zimian"
  },
  "10fc6353-c0ca-49de-855a-376cc27ef5e7": {
    "asset": 1484035278000,
    "meta": 1484200287000,
    "relativePath": "resources/user4/wan-r/9w.png"
  },
  "f87ace29-68f4-43c0-9edd-6e7fbf2671fa": {
    "asset": 1484033332000,
    "meta": 1484200287000,
    "relativePath": "image/table/pai/zimian/11.png"
  },
  "c5e1a1dc-f2f4-49ce-af6e-cdaeb438f3d4": {
    "asset": 1484033332000,
    "meta": 1484200287000,
    "relativePath": "image/table/pai/zimian/12.png"
  },
  "eb62854f-5443-4ac1-a9d2-2ca98a1cbc46": {
    "asset": 1484033332000,
    "meta": 1484200287000,
    "relativePath": "image/table/pai/zimian/13.png"
  },
  "f7cc39ed-fbf9-4034-a957-a63ac75a46b9": {
    "asset": 1484033332000,
    "meta": 1484200287000,
    "relativePath": "image/table/pai/zimian/14.png"
  },
  "705ed852-675f-4a68-a7f0-391992f42041": {
    "asset": 1484033332000,
    "meta": 1484200287000,
    "relativePath": "image/table/pai/zimian/15.png"
  },
  "e3d811a6-bd70-4def-9a50-5c7fcb0982b1": {
    "asset": 1484033332000,
    "meta": 1484200287000,
    "relativePath": "image/table/pai/zimian/16.png"
  },
  "2c0b339a-bae7-4e94-a0fe-02a92dc65bd3": {
    "asset": 1484033332000,
    "meta": 1484200287000,
    "relativePath": "image/table/pai/zimian/17.png"
  },
  "901acc96-f4fe-46c4-9aa7-a05380586ea7": {
    "asset": 1484033332000,
    "meta": 1484200287000,
    "relativePath": "image/table/pai/zimian/18.png"
  },
  "b98a9d61-76db-4e2c-8ab2-4bf6c642f84d": {
    "asset": 1484033332000,
    "meta": 1484200287000,
    "relativePath": "image/table/pai/zimian/19.png"
  },
  "94d4548d-da9a-4417-8d01-c8ee6c4694ba": {
    "asset": 1484033332000,
    "meta": 1484200287000,
    "relativePath": "image/table/pai/zimian/21.png"
  },
  "dc4bd282-1657-4dd0-b26a-8c641ca20d77": {
    "asset": 1484033332000,
    "meta": 1484200287000,
    "relativePath": "image/table/pai/zimian/22.png"
  },
  "bf8fd510-cf57-4d0e-a27d-4c582fb4460c": {
    "asset": 1484033332000,
    "meta": 1484200287000,
    "relativePath": "image/table/pai/zimian/23.png"
  },
  "3caeba78-3d89-46cc-9a82-ae4242743497": {
    "asset": 1484033332000,
    "meta": 1484200287000,
    "relativePath": "image/table/pai/zimian/24.png"
  },
  "c982c2c0-6a3e-4605-af73-00b2fe6f86b0": {
    "asset": 1484033332000,
    "meta": 1484200287000,
    "relativePath": "image/table/pai/zimian/25.png"
  },
  "4992f079-1043-4fe6-ad9f-7cb8b84baca9": {
    "asset": 1484033332000,
    "meta": 1484200287000,
    "relativePath": "image/table/pai/zimian/26.png"
  },
  "c457a303-8586-4ba0-94ec-9abe460cec44": {
    "asset": 1484033332000,
    "meta": 1484200287000,
    "relativePath": "image/table/pai/zimian/27.png"
  },
  "87a3b928-61ff-4f90-9ea9-947a27903529": {
    "asset": 1484033332000,
    "meta": 1484200287000,
    "relativePath": "image/table/pai/zimian/28.png"
  },
  "3ecfc643-828c-46bc-8ea3-462439b26e65": {
    "asset": 1484033332000,
    "meta": 1484200287000,
    "relativePath": "image/table/pai/zimian/29.png"
  },
  "26968bf5-9c25-41f8-bb67-bca1bf200547": {
    "asset": 1484033332000,
    "meta": 1484200287000,
    "relativePath": "image/table/pai/zimian/31.png"
  },
  "4b1384e9-643d-4576-a3e7-7214c7874866": {
    "asset": 1484033332000,
    "meta": 1484200287000,
    "relativePath": "image/table/pai/zimian/32.png"
  },
  "88533e48-9a5b-4b4b-8e31-191d90aabcc2": {
    "asset": 1484033332000,
    "meta": 1484200287000,
    "relativePath": "image/table/pai/zimian/33.png"
  },
  "35de0680-bf48-40d6-a520-ef380c431c0c": {
    "asset": 1484033332000,
    "meta": 1484200287000,
    "relativePath": "image/table/pai/zimian/34.png"
  },
  "d9d4500d-f899-42f7-a60d-efd9675fe27b": {
    "asset": 1484033332000,
    "meta": 1484200287000,
    "relativePath": "image/table/pai/zimian/35.png"
  },
  "91d9232e-4721-414c-b65a-ed491b787464": {
    "asset": 1484033332000,
    "meta": 1484200287000,
    "relativePath": "image/table/pai/zimian/36.png"
  },
  "2d1fac1e-17fd-423e-aae2-9797f2703326": {
    "asset": 1484033332000,
    "meta": 1484200287000,
    "relativePath": "image/table/pai/zimian/37.png"
  },
  "a424dfbc-533d-4c31-9b27-d10fb441c36a": {
    "asset": 1484033332000,
    "meta": 1484200287000,
    "relativePath": "image/table/pai/zimian/38.png"
  },
  "e773cb42-4bb4-4151-b8ae-4663da6a0334": {
    "asset": 1484722332000,
    "meta": 1484817802000,
    "relativePath": "image/table/table"
  },
  "ff3eb427-3cc2-48d7-8324-d8c012052ad8": {
    "asset": 1484033332000,
    "meta": 1484200287000,
    "relativePath": "image/table/pai/zimian/39.png"
  },
  "0416fbb0-0e32-4cb2-a5cc-460c75f7f1f1": {
    "asset": 1482943690000,
    "meta": 1484200287000,
    "relativePath": "image/table/table_line2.png"
  },
  "be775d6f-2afa-405c-8ac7-49a0bd817949": {
    "asset": 1482943690000,
    "meta": 1484200287000,
    "relativePath": "image/table/table_line.png"
  },
  "e9ef17a7-9547-44c7-b053-a9a85780ead0": {
    "asset": 1483464426000,
    "meta": 1484200287000,
    "relativePath": "image/table/table/1(2).png"
  },
  "b353f7b0-4832-4ae9-a6f3-5999b5ce7cee": {
    "asset": 1483464426000,
    "meta": 1484200287000,
    "relativePath": "image/table/table/11.png"
  },
  "f3cc5773-3a06-4b88-b456-ad4c766a2bd8": {
    "asset": 1483464426000,
    "meta": 1484200287000,
    "relativePath": "image/table/table/2.png"
  },
  "b8e745ab-3863-4bd6-a0ad-c707199386cb": {
    "asset": 1483464426000,
    "meta": 1484200287000,
    "relativePath": "image/table/table/2(1).png"
  },
  "0622e4f8-ad0c-414a-bbb7-d94b17b695ab": {
    "asset": 1483464426000,
    "meta": 1484200287000,
    "relativePath": "image/table/table/22.png"
  },
  "5c291769-40b3-47df-bb1f-8463fccfdc22": {
    "asset": 1483464426000,
    "meta": 1484200287000,
    "relativePath": "image/table/table/3.png"
  },
  "f4bf6f14-a250-47f9-89af-94ac55d0f0f4": {
    "asset": 1483464426000,
    "meta": 1484200287000,
    "relativePath": "image/table/table/3(1).png"
  },
  "52158562-01a7-4b8f-901b-2f5fa22dd908": {
    "asset": 1483464426000,
    "meta": 1484200287000,
    "relativePath": "image/table/table/33.png"
  },
  "11539d0a-6027-468a-b9c2-6a2d1b42f874": {
    "asset": 1483464426000,
    "meta": 1484200287000,
    "relativePath": "image/table/table/4(1).png"
  },
  "d7d6bd25-b977-43b1-8ee7-bddc456698bc": {
    "asset": 1483464426000,
    "meta": 1484200287000,
    "relativePath": "image/table/table/4.png"
  },
  "188663d9-0f25-4265-a009-af85fedce1b2": {
    "asset": 1483464426000,
    "meta": 1484200287000,
    "relativePath": "image/table/table/5.png"
  },
  "f596adf6-15d3-4b04-af95-41b99ef9b07c": {
    "asset": 1483464426000,
    "meta": 1484200287000,
    "relativePath": "image/table/table/44.png"
  },
  "050f391d-8d91-45a8-9485-60a7fbccc6be": {
    "asset": 1483464426000,
    "meta": 1484200287000,
    "relativePath": "image/table/table/6.png"
  },
  "c180e905-fcca-4c1d-baa6-17381047221a": {
    "asset": 1483464426000,
    "meta": 1484200287000,
    "relativePath": "image/table/table/7.png"
  },
  "67b8ef54-8393-4ddc-9dc4-8815600a9604": {
    "asset": 1483464414000,
    "meta": 1484200288000,
    "relativePath": "image/table/table/actionImg_02.png"
  },
  "77e6d9ab-897f-4421-b0fe-f122297a523c": {
    "asset": 1483464414000,
    "meta": 1484200288000,
    "relativePath": "image/table/table/actionImg_03.png"
  },
  "c286e6dc-4beb-4f5b-bd34-5676da645414": {
    "asset": 1483464414000,
    "meta": 1484200288000,
    "relativePath": "image/table/table/actionImg_01.png"
  },
  "7ead0a2e-b82e-4f53-b42e-79e46b269492": {
    "asset": 1483464414000,
    "meta": 1484200288000,
    "relativePath": "image/table/table/actionImg_04.png"
  },
  "0803186e-8a66-423f-b222-b23e433a31ab": {
    "asset": 1483464414000,
    "meta": 1484200288000,
    "relativePath": "image/table/table/actionImg_06.png"
  },
  "52f78f8a-853c-419b-93a4-8c37820a008a": {
    "asset": 1483464414000,
    "meta": 1484200288000,
    "relativePath": "image/table/table/actionImg_05.png"
  },
  "aeaecc7e-6167-4749-8e9d-a2a616fa4d8d": {
    "asset": 1483464414000,
    "meta": 1484200288000,
    "relativePath": "image/table/table/actionImg_07.png"
  },
  "42f22a28-f90c-4aab-ac62-41f656401089": {
    "asset": 1483464426000,
    "meta": 1484200288000,
    "relativePath": "image/table/table/center.png"
  },
  "4e5ca3a8-5177-4cd6-838c-b53167b185b0": {
    "asset": 1483464414000,
    "meta": 1484200288000,
    "relativePath": "image/table/table/num01.png"
  },
  "85bdcc00-a6e1-4db8-b522-f48bf6e18979": {
    "asset": 1483464414000,
    "meta": 1484200288000,
    "relativePath": "image/table/table/num00.png"
  },
  "81b2c791-8380-4fc8-80c8-91c2baba57f7": {
    "asset": 1483464414000,
    "meta": 1484200288000,
    "relativePath": "image/table/table/num02.png"
  },
  "ee98806c-aecb-4c7f-a899-688d09cac169": {
    "asset": 1483464414000,
    "meta": 1484200288000,
    "relativePath": "image/table/table/num03.png"
  },
  "506b8426-1072-4f59-9db2-61fa89b3c6c0": {
    "asset": 1483464414000,
    "meta": 1484200288000,
    "relativePath": "image/table/table/num04.png"
  },
  "df5a7d47-778e-44b1-8958-38debf543a26": {
    "asset": 1483464414000,
    "meta": 1484200288000,
    "relativePath": "image/table/table/num05.png"
  },
  "f6ceaeec-5bbf-4f65-a234-67d99ba655c3": {
    "asset": 1483464414000,
    "meta": 1484200288000,
    "relativePath": "image/table/table/num06.png"
  },
  "cf38bbc1-c6a3-420b-8b93-2e131db8221a": {
    "asset": 1483464414000,
    "meta": 1484200288000,
    "relativePath": "image/table/table/num07.png"
  },
  "5119e523-b3d4-433a-a88f-a4b5b7e9633d": {
    "asset": 1483464414000,
    "meta": 1484200288000,
    "relativePath": "image/table/table/num08.png"
  },
  "d3615c5b-1eaa-4198-be8a-2c34c0a0747d": {
    "asset": 1483464414000,
    "meta": 1484200288000,
    "relativePath": "image/table/table/num09.png"
  },
  "388e366d-ee8d-4b05-8123-67a38d549b6f": {
    "asset": 1483464426000,
    "meta": 1484200288000,
    "relativePath": "image/table/table/roomPoint.png"
  },
  "2c11475e-c924-48de-8d1b-bd8b81e9f06a": {
    "asset": 1484132779000,
    "meta": 1484200288000,
    "relativePath": "image/table/table/tiao.png"
  },
  "0438241a-dadf-45da-b349-fc45bc8445a2": {
    "asset": 1484132779000,
    "meta": 1484200288000,
    "relativePath": "image/table/table/tong.png"
  },
  "615e7210-b731-45c9-a2da-b79fa55ae47f": {
    "asset": 1484132779000,
    "meta": 1484200288000,
    "relativePath": "image/table/table/wan.png"
  },
  "c2707d99-5674-4656-b990-e5a59a58aeca": {
    "asset": 1484132779000,
    "meta": 1484200288000,
    "relativePath": "image/table/table/zhuang.png"
  },
  "24f51a6e-f62a-4b71-a9d5-73e96ff0b176": {
    "asset": 1482921362000,
    "meta": 1484200288000,
    "relativePath": "image/usergamecount"
  },
  "eef9038b-28c9-4d02-866f-4de4b36e5d7c": {
    "asset": 1484036009000,
    "meta": 1484200288000,
    "relativePath": "image/table/timeBack.png"
  },
  "4002f0df-f9ff-417d-a3dd-47aed7f5129e": {
    "asset": 1482921362000,
    "meta": 1484200288000,
    "relativePath": "image/usergamecount/1.png"
  },
  "267925b0-8154-4742-81e2-76d4ce04acf6": {
    "asset": 1482921362000,
    "meta": 1484200288000,
    "relativePath": "image/usergamecount/10.png"
  },
  "a7b3c6be-a43f-43cc-a5b5-d278ec3f5ec1": {
    "asset": 1482921362000,
    "meta": 1484200288000,
    "relativePath": "image/usergamecount/11.png"
  },
  "80d15b5d-ef1d-45d3-baf9-9ded38fa32b7": {
    "asset": 1482921362000,
    "meta": 1484200288000,
    "relativePath": "image/usergamecount/12.png"
  },
  "438660d0-c6f2-4801-a0d7-b3a30fa27211": {
    "asset": 1482921362000,
    "meta": 1484200288000,
    "relativePath": "image/usergamecount/13.png"
  },
  "11554ebb-8164-418a-86b8-e886f9dd47be": {
    "asset": 1482921362000,
    "meta": 1484200288000,
    "relativePath": "image/usergamecount/14.png"
  },
  "0a5ac16d-dddc-45e3-9119-e41f16bf54eb": {
    "asset": 1482921362000,
    "meta": 1484200288000,
    "relativePath": "image/usergamecount/15.png"
  },
  "0db84b1b-ada0-460e-a01b-6e661cecc9a0": {
    "asset": 1482921362000,
    "meta": 1484200288000,
    "relativePath": "image/usergamecount/16.png"
  },
  "73959b2f-143f-45db-9236-b62d04efd184": {
    "asset": 1482921362000,
    "meta": 1484200288000,
    "relativePath": "image/usergamecount/17.png"
  },
  "ef9fb2e0-3c20-4f26-9bd4-686f76076564": {
    "asset": 1482921362000,
    "meta": 1484200288000,
    "relativePath": "image/usergamecount/2.png"
  },
  "96bd1aca-8b15-4cc4-9684-aec5164e0f56": {
    "asset": 1482921362000,
    "meta": 1484200288000,
    "relativePath": "image/usergamecount/3.png"
  },
  "5c23cd6b-c674-4a91-8205-410cf6e29a72": {
    "asset": 1482921362000,
    "meta": 1484200288000,
    "relativePath": "image/usergamecount/4.png"
  },
  "90c79f65-db3c-477d-9a32-c4098461cad4": {
    "asset": 1482921362000,
    "meta": 1484200288000,
    "relativePath": "image/usergamecount/5.png"
  },
  "c3356590-f831-4257-a4ee-fea0cddedab0": {
    "asset": 1482921362000,
    "meta": 1484200288000,
    "relativePath": "image/usergamecount/6.png"
  },
  "cc53b1d1-a4b4-478c-a3aa-518bef0a7195": {
    "asset": 1482921362000,
    "meta": 1484200288000,
    "relativePath": "image/usergamecount/7.png"
  },
  "93744c9d-69a5-43ad-a0d1-1a697424182c": {
    "asset": 1482921362000,
    "meta": 1484200288000,
    "relativePath": "image/usergamecount/8.png"
  },
  "7c25cb9e-a673-40d4-bacc-72083764963a": {
    "asset": 1482245822000,
    "meta": 1484200288000,
    "relativePath": "script"
  },
  "d644f42d-81e2-4ab4-80b0-cd64f9b1492c": {
    "asset": 1482245060000,
    "meta": 1484200288000,
    "relativePath": "script/audio"
  },
  "40f4ffca-9ad7-48c9-88db-ec5ac7467bec": {
    "asset": 1482921362000,
    "meta": 1484200288000,
    "relativePath": "image/usergamecount/9.png"
  },
  "c3d86f28-a66f-4107-82c7-f9560aaaca9c": {
    "asset": 1483786336000,
    "meta": 1484200288000,
    "relativePath": "script/audio/AudioMng.js"
  },
  "fc3ef338-c8d0-4c44-99b0-280ca713f7d4": {
    "asset": 1482929984000,
    "meta": 1484200288000,
    "relativePath": "script/audio/PlayBgm.js"
  },
  "b40b74f8-11d9-4e7a-a79e-15f26561f6e1": {
    "asset": 1483765197000,
    "meta": 1484200288000,
    "relativePath": "script/controllers"
  },
  "1a8417ea-d85e-4bf2-adca-5006904bec22": {
    "asset": 1483872570000,
    "meta": 1484200289000,
    "relativePath": "script/controllers/gameConfigButtonListAction.js"
  },
  "bbbf2e9b-ad3a-4810-8c54-3975c1fd158b": {
    "asset": 1483786170000,
    "meta": 1484200289000,
    "relativePath": "script/controllers/gameConfigController.js"
  },
  "857f07de-c95b-408b-ac52-52d3464c5097": {
    "asset": 1482168099000,
    "meta": 1484200289000,
    "relativePath": "script/controllers/GameModeOptionController.js"
  },
  "3e9f5823-10b2-4182-9cf4-e538542a7f4e": {
    "asset": 1483724091000,
    "meta": 1484200289000,
    "relativePath": "script/controllers/GameTableController.js"
  },
  "e0dbf087-5ad6-4bb8-920d-f9f44f3ec33c": {
    "asset": 1483202800000,
    "meta": 1484200289000,
    "relativePath": "script/controllers/InitalGameMain.js"
  },
  "9bcd384f-1869-4adf-9b82-122b8d10e26a": {
    "asset": 1483706914000,
    "meta": 1484200289000,
    "relativePath": "script/controllers/JoinRoomController.js"
  },
  "5a342d59-59f7-41ce-8ae0-cbf12bac19f9": {
    "asset": 1483081770000,
    "meta": 1484200289000,
    "relativePath": "script/controllers/loginScript.js"
  },
  "22fa0ef2-8bb2-4f74-a766-32aa269b15ec": {
    "asset": 1483205003000,
    "meta": 1484200289000,
    "relativePath": "script/controllers/publicMessageController.js"
  },
  "2f01d82e-b3bb-4ac1-b9ed-8d60e5c12f61": {
    "asset": 1482168099000,
    "meta": 1484200289000,
    "relativePath": "script/controllers/SwitchScene.js"
  },
  "4568240c-531c-4a93-9927-531c33056098": {
    "asset": 1483635721000,
    "meta": 1484200289000,
    "relativePath": "script/controllers/tableActionController.js"
  },
  "ecb7e066-455e-40c9-a729-4a123cbdf663": {
    "asset": 1484464319000,
    "meta": 1484817802000,
    "relativePath": "script/domainClass"
  },
  "b801602f-ffd6-4de7-8cd8-af435158cb30": {
    "asset": 1483698554000,
    "meta": 1484200289000,
    "relativePath": "script/domainClass/actionMesageDomain.js"
  },
  "89dfb4b9-8a16-4721-9999-d0863adb9c06": {
    "asset": 1483783050000,
    "meta": 1484200289000,
    "relativePath": "script/domainClass/gameConfigSetting.js"
  },
  "08d4710c-22c3-43cc-b791-3f0ecce4f2b5": {
    "asset": 1483202791000,
    "meta": 1484200289000,
    "relativePath": "script/domainClass/messageDomain.js"
  },
  "e15e6e76-5922-49fb-8c90-e72082d0f45a": {
    "asset": 1483186892000,
    "meta": 1484200289000,
    "relativePath": "script/domainClass/tableNetWork.js"
  },
  "038b12c3-f2c7-40a0-a157-732e4ad1f94d": {
    "asset": 1483871530000,
    "meta": 1484200289000,
    "relativePath": "script/domainClass/userInfoDomain.js"
  },
  "45f27105-a3d6-4efe-ae7e-64dc6fc9ecdd": {
    "asset": 1484154240000,
    "meta": 1484200289000,
    "relativePath": "script/lib"
  },
  "f06f5cf4-f225-4fea-8758-eaf5694f943c": {
    "asset": 1482167129000,
    "meta": 1484200289000,
    "relativePath": "script/lib/pubnub.js"
  },
  "5381f1fa-94be-4be6-a86d-16e2df02f8c4": {
    "asset": 1483455392000,
    "meta": 1484200289000,
    "relativePath": "script/lib/stockJS.js"
  },
  "64bbd678-28fb-46ae-8c7b-0f3383d127bb": {
    "asset": 1482167129000,
    "meta": 1484200289000,
    "relativePath": "script/lib/stockWebJS.js"
  },
  "e4b734b2-58be-447a-937c-a431830e60b4": {
    "asset": 1484073880000,
    "meta": 1484200289000,
    "relativePath": "script/lib/stomp.js"
  },
  "2b387017-c526-455b-ba0f-7420f2ad7ca6": {
    "asset": 1483939767000,
    "meta": 1484200289000,
    "relativePath": "script/service"
  },
  "ea520837-0da5-4234-812e-797e0e1e6da7": {
    "asset": 1482168063000,
    "meta": 1484200289000,
    "relativePath": "script/service/iniGameTable.js"
  },
  "f811f05a-b54d-45b5-a8c3-aeaf02792539": {
    "asset": 1484061896000,
    "meta": 1484200289000,
    "relativePath": "script/service/iniIndex.js"
  },
  "bfb01198-4493-4761-97e7-6d4ae0d06a9d": {
    "asset": 1483287890000,
    "meta": 1484200289000,
    "relativePath": "script/service/onlineUserCheck.js"
  },
  "2d5f7578-8a76-486e-910a-12058f1ae6d2": {
    "asset": 1482168063000,
    "meta": 1484200289000,
    "relativePath": "script/service/PersistRootNode.js"
  },
  "720122ec-cc28-4880-822c-c42750196f31": {
    "asset": 1487312874000,
    "meta": 1487324322000,
    "relativePath": "script/ui"
  },
  "6e1eb4d5-d07d-4691-9a5f-167540f74d02": {
    "asset": 1483162503000,
    "meta": 1484200289000,
    "relativePath": "script/service/webSokectMessage.js"
  },
  "561941fa-1719-4de2-98a0-bae4e5628e49": {
    "asset": 1482245845000,
    "meta": 1484200289000,
    "relativePath": "script/ui/ButtonScaler.js"
  },
  "bd2df886-91fc-4211-b82b-9e45256168b4": {
    "asset": 1483202801000,
    "meta": 1484200289000,
    "relativePath": "script/ui/DataTime.js"
  },
  "04c3cf61-2f6d-417e-9718-99e24ae8a98f": {
    "asset": 1483202802000,
    "meta": 1484200289000,
    "relativePath": "script/ui/gameConfig.js"
  },
  "3fc2b6a5-3913-4fce-bd7b-17d80c6afe28": {
    "asset": 1483939939000,
    "meta": 1484200289000,
    "relativePath": "script/ui/showGameMode.js"
  },
  "2bdd81d0-4e75-4545-9a1d-666fbaa9a9e3": {
    "asset": 1483284972000,
    "meta": 1484200289000,
    "relativePath": "table.fire"
  },
  "928c283b-a000-42df-a79f-ccf29590e920": {
    "asset": 1484204282000,
    "meta": 1484209547000,
    "relativePath": "script/lib/caCheScript.js"
  },
  "04e730d7-8155-4c3d-a70c-1f2620643332": {
    "asset": 1484221947000,
    "meta": 1484221947000,
    "relativePath": "prefab/backNode.prefab"
  },
  "bfd50248-0e35-4ebf-92d0-2fbbaa956512": {
    "asset": 1484222877000,
    "meta": 1484222896000,
    "relativePath": "image/table/pai/majiang_10.png"
  },
  "6bd60d7e-642c-486f-8770-7fdd0ade88ba": {
    "asset": 1484232744000,
    "meta": 1484298603000,
    "relativePath": "image/table/huanpai"
  },
  "f8c5cc24-ffe9-4b26-9cc5-e7051a05b4f7": {
    "asset": 1484232744000,
    "meta": 1484232744000,
    "relativePath": "image/table/huanpai/selecHuanBg.png"
  },
  "d96c817f-d565-4876-88d6-56f79b51183a": {
    "asset": 1486363058000,
    "meta": 1486363058000,
    "relativePath": "prefab/liPai.prefab"
  },
  "f7cda345-abb6-4aa8-8dc4-4118878de9ad": {
    "asset": 1484320863000,
    "meta": 1484320863000,
    "relativePath": "image/table/table/hudisplay.png"
  },
  "13d21db4-3428-4120-8ce8-91cb1ad2ba59": {
    "asset": 1484387559000,
    "meta": 1484459815000,
    "relativePath": "script/ui/normalTimerScript.js"
  },
  "f5e4c9ab-550f-4ff5-bf21-e461dbb7b410": {
    "asset": 1484834930000,
    "meta": 1484834930000,
    "relativePath": "prefab/chuPai.prefab"
  },
  "5e115e8a-f70d-4344-945c-4c44105edc74": {
    "asset": 1484466806000,
    "meta": 1484473680000,
    "relativePath": "script/domainClass/gameStep.js"
  },
  "58c83cb0-7a67-42cd-a12b-cf73b8d58a3a": {
    "asset": 1484722332000,
    "meta": 1484722332000,
    "relativePath": "image/table/table/big_tong.png"
  },
  "9628aa8a-2ba2-426a-8412-81e298f4d143": {
    "asset": 1484722332000,
    "meta": 1484722332000,
    "relativePath": "image/table/table/big_tiao.png"
  },
  "79d0a37a-0a17-4307-94e0-5c551382e4b2": {
    "asset": 1484722332000,
    "meta": 1484722332000,
    "relativePath": "image/table/table/big_wan.png"
  },
  "b9d78e6c-fe42-4e26-85ec-298d5f7f03fe": {
    "asset": 1484834887000,
    "meta": 1484888589000,
    "relativePath": "resources/temp"
  },
  "37bf237f-285c-465e-91cc-208e26be7b26": {
    "asset": 1486452554000,
    "meta": 1486452568000,
    "relativePath": "prefab/userActionNode.prefab"
  },
  "85d206f0-b78a-48f2-9cb6-c7b5815be16d": {
    "asset": 1487312477000,
    "meta": 1487312853000,
    "relativePath": "script/ui/tableMoPaiAction.js"
  },
  "7e9d7305-beb9-4203-923e-019415ba7aaf": {
    "asset": 1487516512000,
    "meta": 1487516522000,
    "relativePath": "script/ui/HuPaiAction.js"
  },
  "e951dadc-a769-48fe-a166-27392f0c0a12": {
    "asset": 1487579402000,
    "meta": 1487580520000,
    "relativePath": "script/domainClass/gameUser.js"
  },
  "e8878b9e-5cb2-4b51-8d4b-66950f65d112": {
    "asset": 1487655920000,
    "meta": 1487655936000,
    "relativePath": "script/controllers/GameModeActionScript.js"
  },
  "36b48b02-ee95-4b57-b858-742b02c3f95c": {
    "asset": 1487828014000,
    "meta": 1487828417000,
    "relativePath": "script/ui/paiAction.js"
  },
  "8df212db-0bb5-40f7-b0a8-ffdd0138dcb1": {
    "asset": 1488182686000,
    "meta": 1488182689000,
    "relativePath": "script/domainClass/Global.js"
  },
  "6644bbab-1064-4d5a-9e74-6ce864a1ae9a": {
    "asset": 1488184781000,
    "meta": 1488185107000,
    "relativePath": "script/service/GameTableRoom.js"
  },
  "d2303c26-0ad4-47c5-9ce7-9f3c48fdfaef": {
    "asset": 1488189739000,
    "meta": 1488189781000,
    "relativePath": "script/ui/tableCenterPoint.js"
  },
  "93e5db31-aee9-4fb9-8eba-cb40bcca2d7b": {
    "asset": 1488272011000,
    "meta": 1488272069000,
    "relativePath": "script/domainClass/gameMode.js"
  },
  "ce6b28db-4fbd-4fcd-968b-ed1fbfac7290": {
    "asset": 1488272057000,
    "meta": 1488272069000,
    "relativePath": "script/ui/tablePaiAction.js"
  },
  "c59a7a58-1e3c-4c8a-ad46-398353ec43a7": {
    "asset": 1488272137000,
    "meta": 1488272153000,
    "relativePath": "script/controllers/tableUserInfo.js"
  },
  "93117f4c-01b3-41ce-bfce-e0d7e79918ce": {
    "asset": 1488281087000,
    "meta": 1488281098000,
    "relativePath": "script/ui/alertMessagePanle.js"
  },
  "5f8b38b8-7bc9-4695-8bb5-7544b98615b6": {
    "asset": 1488442715000,
    "meta": 1488443070000,
    "relativePath": "script/ui/huanPaiUI.js"
  },
  "0a8920be-255d-40b4-b4b2-790e9cc7e44a": {
    "asset": 1488446445000,
    "meta": 1488472618000,
    "relativePath": "script/ui/quepaiScript.js"
  },
  "76eeaba2-5f87-4ec2-9e44-c8a3c537994b": {
    "asset": 1488472663000,
    "meta": 1488472670000,
    "relativePath": "script/service/GameTableNetWork.js"
  }
}